Nome e Cognome | Cognome, Nome (originale) | Wiki Page_id | Epoca | Nazionalità
Antonio Abati | Abati, Antonio  | 730327 | 1600 | italiano
Giuseppe Cesare Abba | Abba, Giuseppe Cesare  | 702527 | 1800 | italiano
Luisa Accati | Accati, Luisa  | 4454738 | 1900 | italiana
Torquato Accetto | Accetto, Torquato  | 107902 | 1600 | italiano
Giuseppe Adami | Adami, Giuseppe  | 1780055 | 1800 | italiano
Augusto Agabiti | Agabiti, Augusto  | 2962333 | 1800 | italiano
Vittoria Aganoor | Aganoor, Vittoria  | 126668 | 1800 | italiana
Paolo Agaraff | Agaraff, Paolo  | 302433 | 2000 | italiano
Camillo Agrippa | Agrippa, Camillo  | 2029555 | 1500 | italiano
Antonio Alamanni | Alamanni, Antonio  | 3475330 | 1400 | italiano
Francesco Albergati Capacelli | Albergati Capacelli, Francesco  | 107907 | 1700 | italiano
Charles Albert | Albert, Charles  | 6143841 | -1 | Non pervenuta
Adolfo Albertazzi | Albertazzi, Adolfo  | 841131 | 1900 | italiano
Pilo Albertelli | Albertelli, Pilo  | 1577746 | 1900 | italiano
Leandro Alberti | Alberti, Leandro  | 107928 | 1500 | italiano
Leon Battista Alberti | Alberti, Leon Battista  | 52369 | 1400 | italiano
Giuseppe Albini | Albini, Giuseppe  | 3820245 | -1 | Non pervenuta
Louisa May Alcott | Alcott, Louisa May  | 70344 | 1800 | statunitense
Aleardo Aleardi | Aleardi, Aleardo  | 46622 | 1800 | italiano
Vittorio Alfieri | Alfieri, Vittorio  | 706823 | 1700 | italiano
Francesco Algarotti | Algarotti, Francesco  | 72986 | 1700 | italiano
Dante Alighieri | Alighieri, Dante  | 1476868 | -1 | Non pervenuta
Jacopo Alighieri | Alighieri, Jacopo  | 1492888 | 1300 | italiano
Luigi Amabile | Amabile, Luigi  | 1706977 | 1800 | italiano
Giovanni Battista Amalteo | Amalteo, Giovanni Battista  | 1108185 | 1500 | italiano
Michele Amari | Amari, Michele  | 200521 | 1800 | italiano
Cosimo Amidei | Amidei, Cosimo  | 1149834 | 1700 | italiano
Federico Amodeo | Amodeo, Federico  | 21525 | 1800 | italiano
Hans Christian Andersen | Andersen, Hans Christian  | 131475 | -1 | danese
Andrea da Barberino | Andrea da Barberino  | 2019374 | 1300 | italiano
Cecco Angiolieri | Angiolieri, Cecco  | 2777094 | 1200 | italiano
Antonino Anile | Anile, Antonino  | 1843422 | 1900 | italiano
Camillo Antona Traversi | Antona Traversi, Camillo  | 4107132 | 1800 | italiano
Luigi Antonelli | Antonelli, Luigi  | 2642956 | 1800 | italiano
Mario Appelius | Appelius, Mario  | 779246 | 1900 | italiano
Apuleius | Apuleius  | 5688980 | -1 | Non pervenuta
Anton Stepanovič Arenskij | Arenskij, Anton Stepanovič  | 3081744 | 1800 | russo
Pietro Aretino | Aretino, Pietro  | 140719 | 1500 | italiano
Ludovico Ariosto | Ariosto, Ludovico  | 718790 | 1500 | italiano
Aristoteles | Aristoteles  | 5682541 | -1 | Non pervenuta
Leopoldo Armaroli | Armaroli , Leopoldo  | 4674934 | 1700 | italiano
Svante August Arrhenius | Arrhenius, Svante August  | 116122 | -1 | Non pervenuta
Ettore Arrigoni degli Oddi | Arrigoni degli Oddi, Ettore  | 3034042 | -1 | italiano
Emanuele Artom | Artom, Emanuele  | 1810177 | 1900 | italiano
Pellegrino Artusi | Artusi, Pellegrino  | 144813 | 1800 | italiano
Pëtr Andreevič Aršinov | Aršinov, Pëtr Andreevič  | 1793689 | 1900 | russo
Daniel-François-Esprit Auber | Auber, Daniel-François-Esprit  | 2541131 | -1 | Non pervenuta
Edmond Audran | Audran, Edmond  | 4314671 | 1800 | francese
Avancinio Avancini | Avancini, Avancinio  | 4993827 | 1800 | italiano
Luigi Angiolini | Luigi Angiolini  | 456855 | 1700 | italiano
Andrea Bacci | Bacci, Andrea  | 495020 | 1500 | italiano
Ida Baccini | Baccini, Ida  | 4454818 | 1800 | italiana
Carl Philipp Emanuel Bach | Bach, Carl Philipp Emanuel  | 40575 | 1700 | tedesco
Johann Bernhard Bach | Bach, Johann Bernhard  | 3986327 | 1700 | tedesco
Johann Ludwig Bach | Bach, Johann Ludwig  | 2615998 | 1700 | tedesco
Johann Sebastian Bach | Bach, Johann Sebastian  | 38897 | 1700 | tedesco
Wilhelm Friedemann Bach | Bach, Wilhelm Friedemann  | 54656 | 1700 | tedesco
Niccolò Bacigalupo | Bacigalupo, Niccolò  | 1497844 | 1900 | italiano
Giorgio Baffo | Baffo, Giorgio  | 148093 | 1700 | italiano
Milij Alekseevič Balakirev | Balakirev, Milij Alekseevič  | 440955 | -1 | russo
Cesare Balbo | Balbo, Cesare  | 248006 | 1800 | italiano
Adriano Banchieri | Banchieri, Adriano  | 136414 | 1600 | italiano
Matteo Bandello | Bandello, Matteo  | 99926 | 1500 | italiano
Giuseppe Bandi | Bandi, Giuseppe  | 772588 | 1800 | italiano
Adelchi Baratono | Baratono, Adelchi  | 378449 | -1 | Non pervenuta
Pierangelo Baratono | Baratono, Pierangelo  | 5200613 | 1900 | italiano
Berto Barbarani | Barbarani, Berto  | 1371051 | 1900 | italiano
Eugenio Barbarich | Barbarich, Eugenio  | 1113847 | 1800 | italiano
Ulisse Barbieri | Barbieri, Ulisse  | 3554512 | 1800 | italiano
Henri Barbusse | Barbusse, Henri  | 525778 | 1900 | francese
Carmela Baricelli | Baricelli, Carmela  | 3250554 | 1800 | italiana
Teofilo Barla | Barla, Teofilo  | 6186420 | -1 | italiano
James Matthew Barrie | Barrie, James Matthew  | 4752074 | -1 | Non pervenuta
Anton Giulio Barrili | Barrili, Anton Giulio  | 445666 | 1800 | italiano
Matteo Giulio Bartoli | Bartoli, Matteo Giulio  | 296944 | -1 | italiano
Domenico Basile | Basile, Domenico  | 4530066 | -1 | Non pervenuta
Giannotto Bastianelli | Bastianelli, Giannotto  | 6297694 | -1 | italiano
Charles Baudelaire | Baudelaire, Charles  | 727298 | 1800 | francese
Ambrogio Bazzero | Bazzero, Ambrogio  | 4050178 | 1800 | italiano
Giambattista Bazzoni | Bazzoni, Giambattista  | 1886533 | 1800 | italiano
Odoardo Beccari | Beccari, Odoardo  | 217746 | -1 | italiano
Antonella Beccaria | Beccaria, Antonella  | 4455158 | 1900 | italiana
Cesare Beccaria | Beccaria, Cesare  | 18642 | 1700 | italiano
William Beckford | Beckford, William  | 301507 | 1700 | britannico
Ludwig van Beethoven | Beethoven, Ludwig van  | 15759 | 1800 | tedesco
Cristina Belgioioso | Belgioioso, Cristina  | 1483071 | -1 | Non pervenuta
Giacomo Bellacchi | Bellacchi, Giacomo  | 23198 | 1800 | italiano
Angelo Bellani | Bellani, Angelo  | 5855251 | 1700 | italiano
Giuseppe Gioachino Belli | Belli, Giuseppe Gioachino  | 50708 | 1800 | italiano
Vincenzo Bellini | Bellini, Vincenzo  | 109726 | 1800 | italiano
Enrico Bellone | Bellone, Enrico  | 254172 | 1900 | italiano
Pietro Bembo | Bembo, Pietro  | 94739 | 1500 | italiano
Elia Benamozegh | Benamozegh, Elia  | 407310 | 1800 | italiano
Giovanni Berchet | Berchet, Giovanni  | 116018 | 1800 | italiano
Guglielmo Berchet | Berchet, Guglielmo  | 1569825 | 1800 | italiano
Alban Berg | Berg, Alban  | 62258 | -1 | austriaco
Hector Berlioz | Berlioz, Hector  | 219387 | 1800 | francese
Camillo Berneri | Berneri, Camillo  | 1911531 | 1900 | italiano
Giuseppe Berneri | Berneri, Giuseppe  | 770933 | 1600 | italiano
Francesco Berni | Berni, Francesco  | 785302 | 1500 | italiano
Vittorio Bersezio | Bersezio, Vittorio  | 622426 | 1800 | italiano
Cosimo Bertacchi | Bertacchi, Cosimo  | 5012452 | -1 | italiano
Giovanni Bertacchi | Bertacchi, Giovanni  | 548649 | 1800 | italiano
Domenico Berti | Berti, Domenico  | 760965 | 1800 | italiano
Giuseppe Bertini | Bertini, Giuseppe  | 2100447 | -1 | Non pervenuta
Brenno Bertoni | Bertoni, Brenno  | 1720015 | -1 | svizzero}}
Giulio Bertoni | Bertoni, Giulio  | 1683105 | -1 | italiano
Franz Berwald | Berwald, Franz  | 2010105 | 1800 | svedese
Mario Betti | Betti, Mario  | 878507 | -1 | italiano
Saverio Bettinelli | Bettinelli, Saverio  | 1408753 | 1700 | italiano
Guido Biagi | Biagi, Guido  | 6906057 | 1800 | italiano
Arturo Bianchi | Bianchi, Arturo  | 6027547 | 1900 | italiano
Carlo Bianco | Bianco, Carlo  | 2463902 | 1900 | italiano
Giovanni Giuseppe Bianconi | Bianconi, Giovanni Giuseppe  | 6266210 | -1 | italiano
Bibbia | Bibbia  | 2933033 | -1 | Non pervenuta
Pasquale Binazzi | Binazzi, Pasquale  | 1400910 | 1900 | italiano
Carlo Bini | Bini, Carlo  | 2971704 | 1800 | italiano
Georges Bizet | Bizet, Georges  | 206290 | -1 | Non pervenuta
Giulio Bizzozero | Bizzozero, Giulio  | 552276 | -1 | italiano
Luigi Blanch | Blanch, Luigi  | 2660015 | 1800 | italiano
Pietro Blaserna | Blaserna, Pietro  | 23338 | 1800 | italiano
Giovanni Boccaccio | Boccaccio, Giovanni  | 2952346 | -1 | Non pervenuta
Traiano Boccalini | Boccalini, Traiano  | 1272220 | 1600 | italiano
Gerolamo Boccardo | Boccardo, Gerolamo  | 1702048 | 1800 | italiano
Renzo Ildebrando Bocchi | Bocchi, Renzo Ildebrando  | 2938894 | 1900 | italiano
Matteo Maria Boiardo | Boiardo, Matteo Maria  | 712716 | -1 | Non pervenuta
François-Adrien Boieldieu | Boieldieu, François-Adrien  | 1634330 | 1800 | francese
Giovanni Boine | Boine, Giovanni  | 48732 | 1900 | italiano
Arrigo Boito | Boito, Arrigo  | 2064556 | 1800 | italiano
Camillo Boito | Boito, Camillo  | 200278 | -1 | Non pervenuta
Giorgio Bolza | Bolza, Giorgio  | 4977952 | 1800 | italiano
Francesco Augusto Bon | Bon, Francesco Augusto  | 1898038 | 1800 | italiano
Carlo Bonacini | Bonacini, Carlo  | 23350 | 1800 | italiano
Guidubaldo Bonarelli | Bonarelli, Guidubaldo  | 1949209 | -1 | Non pervenuta
Romualdo Bonfadini | Bonfadini, Romualdo  | 4485303 | 1800 | italiano
Ruggiero Bonghi | Bonghi, Ruggiero  | 217443 | 1800 | italiano
Giovanni Cosimo Bonomo | Bonomo, Giovanni Cosimo  | 2199857 | -1 | italiano
Armando Borghi | Borghi, Armando  | 1199661 | 1900 | italiano
Giuseppe Borghi | Borghi, Giuseppe  | 3940321 | -1 | italiano
Aleksandr Porfir'evič Borodin | Borodin, Aleksandr Porfir'evič  | 410127 | 1800 | russo
Ruggiero Giuseppe Boscovich | Boscovich, Ruggiero Giuseppe  | 6112335 | -1 | Non pervenuta
Ferdinando Bosio | Bosio, Ferdinando  | 5249945 | 1800 | italiano
Carlo Botta | Botta, Carlo  | 190394 | 1800 | italiano
Filippo Bottazzi | Bottazzi, Filippo  | 2909633 | -1 | italiano
Édouard Bourdet | Bourdet, Édouard  | 1716624 | 1900 | francese
Jean Baptiste Bouvier | Bouvier, Jean Baptiste  | 3857833 | -1 | Non pervenuta
Giovanni Bovio | Bovio, Giovanni  | 870556 | 1800 | italiano
Libero Bovio | Bovio, Libero  | 481733 | 1900 | italiano
Ernesto Bozzano | Bozzano, Ernesto  | 347866 | -1 | italiano
Umberto Bozzini | Bozzini, Umberto  | 1638263 | 1900 | italiano
Roberto Bracco | Bracco, Roberto  | 1203765 | 1800 | italiano
Johannes Brahms | Brahms, Johannes  | 19888 | 1800 | tedesco
Gianni Brera | Brera, Gianni  | 298657 | 1900 | italiano
Giovanni Battista Brocchi | Brocchi, Giovanni Battista  | 2936709 | -1 | Non pervenuta
Angelo Brofferio | Brofferio, Angelo  | 839329 | 1800 | italiano
Charlotte Brontë | Brontë, Charlotte  | 313937 | 1800 | inglese
Anton Bruckner | Bruckner, Anton  | 2407662 | -1 | austriaco
Rita Brunetti | Brunetti, Rita  | 2214333 | 1900 | italiana
Giuseppe Bruni | Bruni, Giuseppe  | 5731474 | 1900 | italiano
Leonardo Bruni | Bruni, Leonardo  | 286787 | -1 | Non pervenuta
Giordano Bruno | Bruno, Giordano  | 1682878 | 1500 | italiano
Girolamo Brusoni | Brusoni, Girolamo  | 648129 | 1600 | italiano
Ernesto Buonaiuti | Buonaiuti, Ernesto  | 438388 | 1900 | italiano
Michelangelo Buonarroti | Buonarroti, Michelangelo  | 2234647 | -1 | Non pervenuta
Bruno Buozzi | Buozzi, Bruno  | 286379 | 1900 | italiano
Andrew Burnaby | Burnaby, Andrew  | 3072578 | -1 | britannico
Alessandra Buschi | Buschi, Alessandra  | 4570164 | 1900 | italiana
Ferruccio Busoni | Busoni, Ferruccio  | 37508 | 1800 | italiano
Enrico Annibale Butti | Butti, Enrico Annibale  | 4058671 | 1800 | italiano
George Gordon Byron | Byron, George Gordon  | 24142 | 1800 | inglese
Antonio Caccianiga | Caccianiga, Antonio  | 3413454 | 1800 | italiano
Niccolò Cacciatore | Cacciatore, Niccolò  | 565371 | -1 | italiano
Giulio Caccini | Caccini, Giulio  | 2171 | 1500 | italiano
Carlo Cafiero | Cafiero, Carlo  | 24474 | 1800 | italiano
Achille Giovanni Cagna | Cagna, Achille Giovanni  | 674855 | 1800 | italiano
Manfredo Cagni | Cagni, Manfredo  | 6069409 | 1800 | italiano
Enrico Calandra | Calandra, Enrico  | 5037199 | 1800 | italiano
Vincenzo Calestani | Calestani, Vincenzo  | 3272844 | 1600 | italiano
Guido Calza | Calza, Guido  | 3558467 | 1900 | italiano
Giulio Camillo | Camillo, Giulio  | 2714705 | -1 | Non pervenuta
Mario Camis | Camis, Mario  | 3014766 | 1900 | italiano
Salvatore Cammarano | Cammarano, Salvatore  | 452698 | -1 | Non pervenuta
Dino Campana | Campana, Dino  | 47247 | 1900 | italiano
Tommaso Campanella | Campanella, Tommaso  | 79881 | 1600 | italiano
Luigi Campolonghi | Campolonghi, Luigi  | 870517 | 1900 | italiano
Giovanni Canestrini | Canestrini, Giovanni  | 6573859 | -1 | Non pervenuta
Luigi Canina | Canina, Luigi  | 82456 | 1800 | italiano
Christian Cannabich | Cannabich, Christian  | 2610778 | 1700 | tedesco
Stanislao Cannizzaro | Cannizzaro, Stanislao  | 22934 | 1800 | italiano
Alberto Cantoni | Cantoni, Alberto  | 666447 | 1800 | italiano
Giovanni Cantoni | Cantoni, Giovanni  | 565911 | 1900 | italiano
Cesare Cantù | Cantù, Cesare  | 21603 | 1800 | italiano
Bartolomeo Capasso | Capasso, Bartolomeo  | 1760065 | -1 | Non pervenuta
Galeazzo Flavio Capella | Capella, Galeazzo Flavio  | 870331 | 1400 | italiano
Gino Capponi | Capponi, Gino  | 653026 | 1800 | italiano
Domenico Capranica | Capranica, Domenico  | 482700 | 1400 | italiano
Luigi Capuana | Capuana, Luigi  | 97828 | 1800 | italiano
Enrichetta Caracciolo | Caracciolo, Enrichetta  | 2593649 | 1800 | italiana
Enrichetta Carafa Capecelatro | Carafa Capecelatro, Enrichetta  | 4037906 | 1800 | italiana
Giulio Carcano | Carcano, Giulio  | 1691675 | 1800 | italiano
Girolamo Cardano | Cardano, Girolamo  | 5944271 | -1 | Non pervenuta
Giosuè Carducci | Carducci, Giosuè  | 2070319 | -1 | Non pervenuta
Thomas Carlyle | Carlyle, Thomas  | 530010 | 1800 | scozzese
Carmina Burana | Carmina Burana  | 228625 | -1 | Non pervenuta
Emanuel Carnevali | Carnevali, Emanuel  | 2108689 | 1900 | italiano
Annibale Caro | Caro, Annibale  | 279637 | 1500 | italiano
Guido Carocci | Carocci, Guido  | 2085520 | 1800 | italiano
Edward Carpenter | Carpenter, Edward  | 229745 | 1800 | inglese
Giacomo Casanova | Casanova, Giacomo  | 15788 | 1700 | italiano
Giovanni Domenico Cassini | Cassini, Giovanni Domenico  | 19593 | -1 | Non pervenuta
Benedetto Castelli | Castelli, Benedetto  | 618564 | 1600 | italiano
David Castelli | Castelli, David  | 2974984 | 1800 | italiano
Enrico Castelnuovo | Castelnuovo, Enrico  | 2330284 | -1 | italiano
Giovanni Battista Casti | Casti, Giovanni Battista  | 750864 | 1700 | italiano
Baldassarre Castiglione | Castiglione, Baldassarre  | 282634 | 1500 | italiano
Ettore Castiglioni | Castiglioni, Ettore  | 2035708 | 1900 | italiano
Alfredo Catalani | Catalani, Alfredo  | 1786526 | 1800 | italiano
Willa Cather | Cather, Willa  | 131658 | 1900 | statunitense
Carlo Cattaneo | Cattaneo, Carlo  | 107875 | 1800 | italiano
Giuseppe Cava | Cava, Giuseppe  | 1195542 | 1900 | italiano
Guido Cavalcanti | Cavalcanti, Guido  | 712354 | 1200 | italiano
Felice Cavallotti | Cavallotti, Felice  | 306003 | 1800 | italiano
Ciro Caversazzi | Caversazzi, Ciro  | 3446617 | 1800 | italiano
Enrico Caviglia | Caviglia, Enrico  | 571200 | 1800 | italiano
Benvenuto Cellini | Cellini, Benvenuto  | 709231 | 1500 | italiano
Giovanni Celoria | Celoria, Giovanni  | 23559 | 1900 | italiano
Giovanni Cena | Cena, Giovanni  | 1571530 | 1800 | italiano
Cennino Cennini | Cennini, Cennino  | 1844096 | 1300 | italiano
Melchiorre Cesarotti | Cesarotti, Melchiorre  | 499858 | 1700 | italiano
Federico Cesi | Cesi, Federico  | 2023314 | -1 | Non pervenuta
Emmanuel Chabrier | Chabrier, Emmanuel  | 820716 | 1800 | francese
Chanson de Roland | Chanson de Roland  | 1987946 | -1 | Non pervenuta
Ruperto Chapì | Chapì, Ruperto  | 4656215 | -1 | Non pervenuta
Marc-Antoine Charpentier | Charpentier, Marc-Antoine  | 88270 | 1600 | francese
Gaetano Carlo Chelli | Chelli, Gaetano Carlo  | 3684011 | 1800 | italiano
Luigi Cherubini | Cherubini, Luigi  | 200491 | 1700 | italiano
Gilbert Keith Chesterton | Chesterton, Gilbert Keith  | 280263 | 1900 | inglese
Gabriello Chiabrera | Chiabrera, Gabriello  | 476783 | 1600 | italiano
Luigi Chiarelli | Chiarelli, Luigi  | 777146 | 1900 | italiano
Giuseppe Chiarini | Chiarini, Giuseppe  | 1237285 | 1800 | italiano
Pietro Chiesa | Chiesa, Pietro  | 5455739 | 1800 | italiano
Agostino Chigi | Chigi, Agostino  | 793793 | -1 | italiano
Fryderyk Franciszek Chopin | Chopin, Fryderyk Franciszek  | 52933 | -1 | Non pervenuta
Sigurd Christiansen | Christiansen, Sigurd  | 1678287 | 1800 | norvegese
Emanuele Ciaceri | Ciaceri, Emanuele  | 3895347 | 1900 | italiano
Giacomo Ciamician | Ciamician, Giacomo  | 3017159 | -1 | Non pervenuta
Domenico Ciampoli | Ciampoli, Domenico  | 2291973 | 1800 | italiano
Galeazzo Ciano | Ciano, Galeazzo  | 21581 | 1900 | italiano
Marcus Tullius Cicero | Cicero, Marcus Tullius  | 6452816 | -1 | Non pervenuta
Giorgio Cicogna | Cicogna, Giorgio  | 2018041 | 1900 | italiano
Antonio Cifra | Cifra, Antonio  | 1613035 | 1500 | italiano
Domenico Cimarosa | Cimarosa, Domenico  | 69718 | 1700 | italiano
Delfino Cinelli | Cinelli, Delfino  | 4346484 | 1900 | italiano
Amilcare Cipriani | Cipriani, Amilcare  | 208477 | -1 | italiano
Giovanni Cittadella | Cittadella, Giovanni  | 1665192 | 1800 | italiano
Tommaso Claps | Claps, Tommaso  | 2357156 | 1800 | italiano
Muzio Clementi | Clementi, Muzio  | 220102 | 1700 | italiano
Club alpino italiano | Club alpino italiano  | 4510660 | -1 | Non pervenuta
Igino Cocchi | Cocchi, Igino  | 3544701 | 1800 | italiano
Mariannina Coffa Caruso | Coffa Caruso, Mariannina  | 6848659 | -1 | Non pervenuta
Napoleone Colajanni | Colajanni, Napoleone  | 608523 | -1 | Non pervenuta
Samuel Taylor Coleridge | Coleridge, Samuel Taylor  | 213822 | 1700 | inglese
Pandolfo Collenuccio | Collenuccio, Pandolfo  | 1329532 | 1400 | italiano
Pietro Colletta | Colletta, Pietro  | 19250 | 1800 | italiano
Fernando Colombo | Colombo, Fernando  | 1150380 | 1400 | spagnolo
Francesco Colonna | Colonna, Francesco  | 103776 | -1 | Non pervenuta
Vittoria Colonna | Colonna, Vittoria  | 137929 | 1500 | italiana
Eugenio Colorni | Colorni, Eugenio  | 312832 | 1900 | italiano
Dino Compagni | Compagni, Dino  | 118545 | 1300 | italiano
Domenico Comparetti | Comparetti, Domenico  | 1480417 | 1800 | italiano
Giuseppe Conti | Conti, Giuseppe  | 2998071 | -1 | Non pervenuta
Giovanni Coperario | Coperario, Giovanni  | 3416554 | -1 | Non pervenuta
Corano | Corano  | 2850528 | -1 | Non pervenuta
Orso Mario Corbino | Corbino, Orso Mario  | 339912 | 1800 | italiano
Arcangelo Corelli | Corelli, Arcangelo  | 98069 | 1600 | italiano
Luigi Cornaro | Cornaro, Luigi  | 3782172 | -1 | Non pervenuta
Peter Cornelius | Cornelius, Peter  | 295658 | -1 | Non pervenuta
Giovanni Maria Cornoldi | Cornoldi, Giovanni Maria  | 1905914 | 1800 | italiano
Enrico Corradini | Corradini, Enrico  | 266294 | 1900 | italiano
Pietro Cossa | Cossa, Pietro  | 2909780 | 1800 | italiano
Andrea Costa | Costa, Andrea  | 708054 | 1800 | italiano
Paolo Costa | Costa, Paolo  | 901741 | -1 | Non pervenuta
Francis Marion Crawford | Crawford, Francis Marion  | 28558 | 1800 | statunitense
Francesco Crispi | Crispi, Francesco  | 47263 | 1800 | italiano
Giulio Cesare Croce | Croce, Giulio Cesare  | 105974 | 1500 | italiano
Cronica | Cronica  | 652956 | -1 | Non pervenuta
Vincenzo Cuoco | Cuoco, Vincenzo  | 201051 | 1800 | italiano
Eugenio Curiel | Curiel, Eugenio  | 1977335 | 1900 | italiano
Antonio Curti | Curti, Antonio  | 3449599 | 1800 | italiano
Francesco Cusani | Cusani, Francesco  | 6601205 | 1900 | italiano
Pëtr Il'ič Čajkovskij | Čajkovskij, Pëtr Il'ič  | 104818 | -1 | russo
Nikolaj Gavrilovič Černyševskij | Černyševskij, Nikolaj Gavrilovič  | 282035 | -1 | Non pervenuta
Pelagio D'Afro | D'Afro, Pelagio  | 2423589 | -1 | Non pervenuta
Lucio D'Ambra | D'Ambra, Lucio  | 2951440 | 1900 | italiano
Alessandro D'Ancona | D'Ancona, Alessandro  | 403397 | 1800 | italiano
Virgilia D'Andrea | D'Andrea, Virgilia  | 2533356 | -1 | italiana
Gabriele D'Annunzio | D'Annunzio, Gabriele  | 2404658 | -1 | Non pervenuta
Giuseppe D'Emilio | D'Emilio, Giuseppe  | 6887244 | -1 | Non pervenuta
Jean-François Dandrieu | Dandrieu, Jean-François  | 3136805 | -1 | francese
Vincenzo Danti | Danti, Vincenzo  | 894078 | 1500 | italiano
Lorenzo Da Ponte | Da Ponte, Lorenzo  | 72703 | 1700 | italiano
Luigi Da Porto | Da Porto, Luigi  | 1144196 | -1 | Non pervenuta
Charles Darwin | Darwin, Charles  | 2433891 | 1800 | britannico
Erasmus Darwin | Darwin, Erasmus  | 294544 | -1 | britannico
Alphonse Daudet | Daudet, Alphonse  | 747829 | 1800 | francese
Edmondo De Amicis | De Amicis, Edmondo  | 1721 | 1800 | italiano
Augusto De Angelis | De Angelis, Augusto  | 1705497 | 1900 | italiano
Abele De Blasio | De Blasio, Abele  | 1687461 | 1800 | italiano
Filippo De Boni | De Boni, Filippo  | 3495611 | 1800 | italiano
Lauro De Bosis | De Bosis, Lauro  | 233613 | 1900 | italiano
Claude Debussy | Debussy, Claude  | 80151 | -1 | Non pervenuta
Raffaele De Cesare | De Cesare, Raffaele  | 6663098 | -1 | Non pervenuta
Filippo De Filippi | De Filippi, Filippo  | 1704170 | -1 | Non pervenuta
Stefano De Franchi | De Franchi, Stefano  | 2427966 | -1 | Non pervenuta
Giovanni De Gamerra | De Gamerra, Giovanni  | 1150337 | 1700 | italiano
Achille De Giovanni | De Giovanni, Achille  | 862157 | -1 | italiano
Angelo De Gubernatis | De Gubernatis, Angelo  | 467179 | 1800 | italiano
Grazia Deledda | Deledda, Grazia  | 1341459 | -1 | Non pervenuta
Frederick Delius | Delius, Frederick  | 240374 | -1 | inglese
Giovanni Della Casa | Della Casa, Giovanni  | 178155 | 1500 | italiano
Alessandro Della Seta | Della Seta, Alessandro  | 2140243 | 1900 | italiano
Federico Della Valle | Della Valle, Federico  | 1272269 | 1500 | italiano
Isidoro Del Lungo | Del Lungo, Isidoro  | 97053 | 1800 | italiano
Federico Delpino | Delpino, Federico  | 2691713 | 1800 | italiano
Emilio De Marchi | De Marchi, Emilio  | 2733391 | -1 | Non pervenuta
Olinto De Pretto | De Pretto, Olinto  | 298756 | 1800 | italiano
Richard Dering | Dering, Richard  | 3420777 | 1600 | inglese
Federico De Roberto | De Roberto, Federico  | 99157 | 1800 | italiano
Francesco De Sanctis | De Sanctis, Francesco  | 152802 | 1800 | italiano
Luigi Desanctis | Desanctis, Luigi  | 1839549 | -1 | Non pervenuta
Jean Baptiste Félix Descuret | Descuret, Jean Baptiste Félix  | 3698341 | 1800 | francese
Giovanni Evangelista Di Blasi | Di Blasi, Giovanni Evangelista  | 3976286 | 1700 | italiano
Charles Dickens | Dickens, Charles  | 18159 | 1800 | britannico
Denis Diderot | Diderot, Denis  | 29621 | 1700 | francese
Salvatore Di Giacomo | Di Giacomo, Salvatore  | 2296710 | 1900 | italiano
Alessio Di Giovanni | Di Giovanni, Alessio  | 489332 | 1800 | italiano
Lodovico Dolce | Dolce, Lodovico  | 513450 | -1 | Non pervenuta
Lodovico Domenichi | Domenichi, Lodovico  | 2211409 | 1500 | italiano
Giovanni Battista Donati | Donati, Giovanni Battista  | 23692 | 1800 | italiano
Federico Donaver | Donaver, Federico  | 1984669 | 1800 | italiano
Anton Francesco Doni | Doni, Anton Francesco  | 1656208 | 1500 | italiano
Gaetano Donizetti | Donizetti, Gaetano  | 2052 | 1800 | italiano
Giulio Douhet | Douhet, Giulio  | 518360 | -1 | italiano
Hans Driesch | Driesch, Hans  | 384768 | 1900 | tedesco
Paola Drigo | Drigo, Paola  | 483106 | 1900 | italiana
Pericle Ducati | Ducati, Pericle  | 489099 | 1900 | italiano
Paul Dukas | Dukas, Paul  | 413065 | -1 | francese
Pierre Du Mage | Du Mage, Pierre  | 6481677 | -1 | francese
Henry Dunant | Dunant, Henry  | 124657 | -1 | svizzero
Antonín Dvořák | Dvořák, Antonín  | 266104 | -1 | ceco
Gian Dàuli | Dàuli, Gian  | 3961315 | 2000 | italiano
Umberto Eco | Eco, Umberto  | 4346 | -1 | Non pervenuta
Electronic Frontier Foundation | Electronic Frontier Foundation  | 1456378 | -1 | Non pervenuta
Edward William Elgar | Elgar, Edward William  | 6811537 | -1 | Non pervenuta
Augusto Elia | Elia, Augusto  | 705815 | 1800 | italiano
Pio Emanuelli | Emanuelli, Pio  | 2577577 | 1900 | italiano
Friedrich Engels | Engels, Friedrich  | 88158 | 1800 | tedesco
Federigo Enriques | Enriques, Federigo  | 23698 | 1900 | italiano
Luigi Fabbri | Fabbri, Luigi  | 1873492 | 1900 | italiano
Giovanni Faldella | Faldella, Giovanni  | 2005039 | 1800 | italiano
Pietro Fanfani | Fanfani, Pietro  | 1430925 | 1800 | italiano
Horst Fantazzini | Fantazzini, Horst  | 3065729 | 1900 | italiano
Giovanni Fantoni | Fantoni, Giovanni  | 662847 | 1700 | italiano
Salvatore Farina | Farina, Salvatore  | 1332414 | 1800 | italiano
Giles Farnaby | Farnaby, Giles  | 1990577 | 1500 | inglese
Gabriel Fauré | Fauré, Gabriel  | 217309 | 1900 | francese
Antonio Favaro | Favaro, Antonio  | 23712 | 1800 | italiano
Tommaso Fazello | Fazello, Tommaso  | 1317955 | 1500 | italiano
Camillo Federici | Federici, Camillo  | 1372732 | 1700 | italiano
Alfonso Ferrabosco | Ferrabosco, Alfonso  | 6793530 | -1 | Non pervenuta
Carlotta Ferrari | Ferrari, Carlotta  | 2693396 | 1800 | italiana
Giuseppe Ferrari | Ferrari, Giuseppe  | 3862505 | -1 | Non pervenuta
Paolo Ferrari | Ferrari, Paolo  | 1721169 | -1 | Non pervenuta
Pietro Ferrari | Ferrari, Pietro  | 4395113 | -1 | Non pervenuta
Severino Ferrari | Ferrari, Severino  | 2212340 | 1800 | italiano
Francisco Ferrer Guardia | Ferrer Guardia, Francisco  | 24476 | -1 | spagnolo
Guglielmo Ferrero | Ferrero, Guglielmo  | 742361 | 1800 | italiano
Jacopo Ferretti | Ferretti, Jacopo  | 1328129 | 1800 | italiano
Dina Ferri | Ferri, Dina  | 1606226 | 1900 | italiana
Enrico Ferri | Ferri, Enrico  | 1143188 | -1 | Non pervenuta
Luca Ferrieri | Ferrieri, Luca  | 4822291 | -1 | italiano
Zdeněk Fibich | Fibich, Zdeněk  | 1253465 | -1 | ceco
Vera Figner | Figner, Vera  | 1166885 | -1 | Non pervenuta
Bruno Filippi | Filippi, Bruno  | 2688748 | 1900 | italiano
Walter Fillak | Fillak, Walter  | 543033 | 1900 | italiano
Valentino Fioravanti | Fioravanti, Valentino  | 585491 | 1700 | italiano
Giuliana Fiorentino | Fiorentino, Giuliana  | 4797355 | 2000 | italiana
Vittorio Fiorini | Fiorini, Vittorio  | 1925489 | 1800 | italiano
Camille Flammarion | Flammarion, Camille  | 339069 | 1800 | francese
Gustave Flaubert | Flaubert, Gustave  | 25033 | 1800 | francese
John Fletcher | Fletcher, John  | 1354621 | -1 | inglese
Marianna Florenzi Waddington | Florenzi Waddington, Marianna  | 5586171 | -1 | Non pervenuta
John Florio | Florio, John  | 3740496 | -1 | Non pervenuta
Antonio Fogazzaro | Fogazzaro, Antonio  | 336 | 1800 | italiano
Folgore da San Gimignano | Folgore da San Gimignano  | 48676 | -1 | Non pervenuta
Ferdinando Fontana | Fontana, Ferdinando  | 343245 | 1800 | italiano
Carlo Formichi | Formichi, Carlo  | 4034687 | -1 | italiano
Alberto Fortis | Fortis, Alberto  | 38500 | -1 | italiano
Ugo Foscolo | Foscolo, Ugo  | 2218160 | 1700 | italiano
Umberto Fracchia | Fracchia, Umberto  | 1479030 | 1900 | italiano
Anatole France | France, Anatole  | 17800 | 1800 | francese
Leopoldo Franchetti | Franchetti, Leopoldo  | 605946 | 1800 | italiano
César Franck | Franck, César  | 89611 | 1800 | belga
Veronica Franco | Franco, Veronica  | 599275 | 1500 | italiana
Sigmund Freud | Freud, Sigmund  | 2126430 | -1 | austriaco
Federico Frezzi | Frezzi, Federico  | 525146 | 1300 | italiano
Francesco Fulvio Frugoni | Frugoni, Francesco Fulvio  | 4211615 | 1600 | italiano
Giuseppe Gabrieli | Gabrieli, Giuseppe  | 3288677 | 1800 | italiano
Ferdinando Galiani | Galiani, Ferdinando  | 452307 | -1 | italiano
Galileo Galilei | Galilei, Galileo  | 296384 | -1 | Non pervenuta
Luigi Galleani | Galleani, Luigi  | 1439697 | -1 | italiano
Galleria Palatina | Galleria Palatina  | 403159 | -1 | Non pervenuta
Giacinto Gallina | Gallina, Giacinto  | 2087640 | 1800 | italiano
Agostino Gallo | Gallo, Agostino  | 836297 | -1 | Non pervenuta
Antonio Gamberi | Gamberi, Antonio  | 1290274 | 1800 | italiano
Giuseppe Garibaldi | Garibaldi, Giuseppe  | 2176751 | -1 | italiano
Théophile Gautier | Gautier, Théophile  | 435273 | 1800 | francese
Giovanni Gentile | Gentile, Giovanni  | 76824 | 1900 | italiano
Agostino Gerli | Gerli, Agostino  | 4399255 | 1700 | italiano
George Gershwin | Gershwin, George  | 47663 | 1900 | statunitense
Carlo Gervasoni | Gervasoni, Carlo  | 3013852 | -1 | italiano
Antonio Ghislanzoni | Ghislanzoni, Antonio  | 477196 | 1800 | italiano
Arcangelo Ghisleri | Ghisleri, Arcangelo  | 99292 | 1800 | italiano
Paolo Giacometti | Giacometti, Paolo  | 23962 | 1800 | italiano
Giuseppe Giacosa | Giacosa, Giuseppe  | 56747 | 1900 | italiano
Bono Giamboni | Giamboni, Bono  | 64483 | 1200 | italiano
Giulio Gianelli | Gianelli, Giulio  | 5590667 | 1900 | italiano
Pietro Giannone | Giannone, Pietro  | 604497 | 1700 | italiano
Edward Gibbon | Gibbon, Edward  | 234520 | 1700 | inglese
Pietro Gibellini | Gibellini, Pietro  | 4146869 | 1900 | italiano
Enrico Giglioli | Giglioli, Enrico  | 3063564 | 1800 | italiano
Jean Gilles | Gilles, Jean  | 1592590 | -1 | francese
Leone Ginzburg | Ginzburg, Leone  | 475851 | 1900 | italiano
Vincenzo Gioberti | Gioberti, Vincenzo  | 114594 | 1800 | italiano
Giovanni Giolitti | Giolitti, Giovanni  | 710762 | 1800 | italiano
Arturo Giovannitti | Giovannitti, Arturo  | 248891 | 1900 | italiano
Giovanni Giraud | Giraud, Giovanni  | 1328156 | 1800 | italiano
Jean Giraudoux | Giraudoux, Jean  | 219943 | 1900 | francese
Edoardo Giretti | Giretti, Edoardo  | 666444 | 1800 | italiano
Giuseppe Giusti | Giusti, Giuseppe  | 226755 | 1800 | italiano
Aleksandr Konstantinovič Glazunov | Glazunov, Aleksandr Konstantinovič  | 385585 | 1900 | russo
Michail Ivanovič Glinka | Glinka, Michail Ivanovič  | 441850 | 1800 | russo
Christoph Willibald Gluck | Gluck, Christoph Willibald  | 693964 | 1700 | tedesco
Piero Gobetti | Gobetti, Piero  | 56868 | 1900 | italiano
Nikolaj Vasilevič Gogol | Gogol, Nikolaj Vasilevič  | 5752944 | -1 | Non pervenuta
Carlo Goldoni | Goldoni, Carlo  | 711248 | 1700 | italiano
Camillo Golgi | Golgi, Camillo  | 104242 | -1 | Non pervenuta
Antônio Carlos Gomes | Gomes, Antônio Carlos  | 1857224 | 1800 | brasiliano
Pietro Gori | Gori, Pietro  | 88759 | 1800 | italiano
Guido Gozzano | Gozzano, Guido  | 279367 | 1900 | italiano
Carlo Gozzi | Gozzi, Carlo  | 6906303 | -1 | Non pervenuta
Gasparo Gozzi | Gozzi, Gasparo  | 456659 | 1700 | italiano
Arturo Graf | Graf, Arturo  | 652869 | 1800 | italiano
Antonio Gramsci | Gramsci, Antonio  | 101624 | -1 | Non pervenuta
Enrique Granados | Granados, Enrique  | 284433 | -1 | spagnolo
Luigi Grande | Grande, Luigi  | 1610396 | 1900 | italiano
Achille Grandi | Grandi, Achille  | 639003 | 1900 | italiano
Alessandro Grandi | Grandi, Alessandro  | 2031111 | 1600 | italiano
Francesco Grasso | Grasso, Francesco  | 1939743 | 1900 | italiano
Thomas Gray | Gray, Thomas  | 204607 | 1700 | inglese
Augusto Graziani | Graziani, Augusto  | 4001059 | 1900 | italiano
Ferdinand Gregorovius | Gregorovius, Ferdinand  | 222321 | 1800 | tedesco
Edvard Grieg | Grieg, Edvard  | 221699 | -1 | norvegese
Giulio Grimaldi | Grimaldi, Giulio  | 4326558 | 1900 | italiano
Jakob Grimm | Grimm, Jakob  | 2965669 | -1 | Non pervenuta
Wilhelm Grimm | Grimm, Wilhelm  | 435719 | 1800 | tedesco
Tommaso Grossi | Grossi, Tommaso  | 103982 | 1800 | italiano
Vincenzo Grossi | Grossi, Vincenzo  | 1779332 | -1 | italiano
Luigi Groto | Groto, Luigi  | 3788467 | 1500 | italiano
André Ernest Modeste Grétry | Grétry, André Ernest Modeste  | 2541138 | -1 | Non pervenuta
Antonio Guadagnoli | Guadagnoli, Antonio  | 2142151 | 1800 | italiano
Luigi Gualdo | Gualdo, Luigi  | 2005031 | 1800 | italiano
Icilio Guareschi | Guareschi, Icilio  | 1595890 | 1800 | italiano
Battista Guarini | Guarini, Battista  | 1216086 | 1500 | italiano
Francesco Domenico Guerrazzi | Guerrazzi, Francesco Domenico  | 404647 | 1800 | italiano
Amalia Guglielminetti | Guglielminetti, Amalia  | 1295582 | 1900 | italiana
Alberto Guglielmotti | Guglielmotti, Alberto  | 2725073 | 1800 | italiano
Francesco Guicciardini | Guicciardini, Francesco  | 746138 | 1500 | italiano
Michelangelo Guidi | Guidi, Michelangelo  | 2979913 | 1900 | italiano
Giovanni Guidiccioni | Guidiccioni, Giovanni  | 921347 | 1500 | italiano
Veronica Gàmbara | Gàmbara, Veronica  | 6874430 | -1 | Non pervenuta
Gerhart Hauptmann | Hauptmann, Gerhart  | 322370 | 1800 | tedesco
Nathaniel Hawthorne | Hawthorne, Nathaniel  | 15229 | 1800 | statunitense
Franz Joseph Haydn | Haydn, Franz Joseph  | 219130 | 1700 | austriaco
John Frederick William Herschel | Herschel, John Frederick William  | 83082 | -1 | Non pervenuta
Anthony Holborne | Holborne, Anthony  | 3238384 | 1500 | inglese
Gustav Holst | Holst, Gustav  | 552271 | -1 | inglese
Jenö Hubay | Hubay, Jenö  | 4815830 | -1 | Non pervenuta
Victor Hugo | Hugo, Victor  | 14134 | 1800 | francese
Engelbert Humperdinck | Humperdinck, Engelbert  | 1602711 | 1800 | tedesco
Georg Friedrich Händel | Händel, Georg Friedrich  | 2363856 | -1 | tedesco
Carlo Iberti | Iberti, Carlo  | 4464650 | 1800 | italiano
Henrik Ibsen | Ibsen, Henrik  | 2412715 | -1 | norvegese
Vittorio Imbriani | Imbriani, Vittorio  | 70495 | 1800 | italiano
Giovanni Filippo Ingrassia | Ingrassia, Giovanni Filippo  | 3205821 | -1 | Non pervenuta
Prospero Intorcetta | Intorcetta, Prospero  | 2272745 | 1600 | italiano
Carolina Invernizio | Invernizio, Carolina  | 9518 | 1800 | italiana
Arturo Issel | Issel, Arturo  | 1962292 | 1800 | italiano
Italia | Italia  | 2340360 | -1 | Non pervenuta
Leóš Janáček | Janáček, Leóš  | 3986203 | -1 | Non pervenuta
Blind Lemon Jefferson | Jefferson, Blind Lemon  | 2549874 | -1 | statunitense
Lina Arianna Jenna | Jenna, Lina Arianna  | 2319157 | 1900 | italiana
Jerome K. Jerome | Jerome, Jerome K.  | 71187 | 1800 | britannico
Robert Johnson | Johnson, Robert  | 80218 | 1900 | statunitense
Scott Joplin | Joplin, Scott  | 350525 | 1800 | statunitense
Erminio Juvalta | Juvalta, Erminio  | 3036524 | -1 | Non pervenuta
Margit Kaffka | Kaffka, Margit  | 2077783 | 1900 | ungherese
Kalevala | Kalevala  | 35928 | -1 | Non pervenuta
Immanuel Kant | Kant, Immanuel  | 1488881 | -1 | Non pervenuta
Alphonse Karr | Karr, Alphonse  | 715011 | 1800 | francese
John Maynard Keynes | Keynes, John Maynard  | 2443 | -1 | britannico
Rudyard Kipling | Kipling, Rudyard  | 70697 | 1800 | britannico
Pëtr Alekseevič Kropotkin | Kropotkin, Pëtr Alekseevič  | 96515 | 1800 | russo
Antonio Labriola | Labriola, Antonio  | 312251 | 1800 | italiano
Selma Lagerlöf | Lagerlöf, Selma  | 343528 | -1 | svedese
Édouard Lalo | Lalo, Édouard  | 615853 | 1800 | francese
Lao Tzu | Lao Tzu  | 27554 | -1 | Non pervenuta
Laser | Laser  | 1709357 | -1 | Non pervenuta
Brunetto Latini | Latini, Brunetto  | 41514 | 1200 | italiano
Johann Caspar Lavater | Lavater, Johann Caspar  | 1253626 | -1 | Non pervenuta
David Herbert Lawrence | Lawrence, David Herbert  | 309924 | 1900 | inglese
Giovanni Francesco Lazzarelli | Lazzarelli, Giovanni Francesco  | 2271950 | 1600 | italiano
David Lazzaretti | Lazzaretti, David  | 666882 | -1 | Non pervenuta
Ruggero Leoncavallo | Leoncavallo, Ruggero  | 305994 | 1800 | italiano
Giacomo Leopardi | Leopardi, Giacomo  | 2320384 | 1800 | italiano
Giuseppe Lesca | Lesca, Giuseppe  | 4799780 | -1 | italiano
Lawrence Lessig | Lessig, Lawrence  | 851720 | 2000 | statunitense
Michele Lessona | Lessona, Michele  | 1701982 | 1800 | italiano
Lettera a Diogneto | Lettera a Diogneto  | 3699502 | -1 | Non pervenuta
Ambrogio Levati | Levati, Ambrogio  | 3314321 | -1 | italiano
David Levi | Levi, David  | 2671051 | 1800 | italiano
Franz Liszt | Liszt, Franz  | 2237356 | 1800 | ungherese
Émile Littré | Littré, Émile  | 3017778 | 1800 | francese
Anatolij Konstantinovič Ljadov | Ljadov, Anatolij Konstantinovič  | 826492 | 1800 | russo
Pietro Locatelli | Locatelli, Pietro  | 485045 | -1 | Non pervenuta
Giovanni Paolo Lomazzo | Lomazzo, Giovanni Paolo  | 295259 | 1500 | italiano
Jacopo Lombardini | Lombardini, Jacopo  | 4327836 | 1900 | italiano
Cesare Lombroso | Lombroso, Cesare  | 31975 | 1800 | italiano
Gina Lombroso | Lombroso, Gina  | 2702978 | 1800 | italiana
Jack London | London, Jack  | 2159911 | 1900 | statunitense
Achille Loria | Loria, Achille  | 600635 | -1 | italiano
Albert Lortzing | Lortzing, Albert  | 1450006 | 1800 | tedesco
Luigi Lucatelli | Lucatelli, Luigi  | 1919547 | 1900 | italiano
Gian Pietro Lucini | Lucini, Gian Pietro  | 55728 | 1900 | italiano
Jean-Baptiste Lully | Lully, Jean-Baptiste  | 220744 | 1600 | italiano
Thomas Lupo | Lupo, Thomas  | 3239099 | 1500 | inglese
Lusitania | Lusitania  | 2381677 | -1 | Non pervenuta
Luther Blissett | Luther Blissett  | 1614286 | -1 | Non pervenuta
Alessandro Luzio | Luzio, Alessandro  | 1461702 | 1800 | italiano
Thomas Babington Macaulay | Macaulay, Thomas Babington  | 678686 | 1800 | britannico
Niccolò Machiavelli | Machiavelli, Niccolò  | 850872 | -1 | Non pervenuta
John Henry Mackay | Mackay, John Henry  | 331443 | 1800 | scozzese
James Macpherson | Macpherson, James  | 1482787 | 1700 | scozzese
Costantino Maes | Maes, Costantino  | 4011581 | 1800 | italiano
Lorenzo Magalotti | Magalotti, Lorenzo  | 1650683 | -1 | Non pervenuta
Vincenzo Maggi | Maggi, Vincenzo  | 2595733 | 1500 | italiano
Gustav Mahler | Mahler, Gustav  | 198758 | 1800 | austriaco 
Errico Malatesta | Malatesta, Errico  | 41241 | -1 | Non pervenuta
Benoît Malon | Malon, Benoît  | 3612453 | 1800 | francese
Vittorio Malpassuti | Malpassuti, Vittorio  | 1302014 | 1900 | italiano
Goffredo Mameli | Mameli, Goffredo  | 77000 | 1800 | italiano
Domenico Maria Manni | Manni, Domenico Maria  | 2405913 | 1700 | italiano
Giuseppe Manno | Manno, Giuseppe  | 1565437 | 1800 | italiano
Paolo Mantegazza | Mantegazza, Paolo  | 125964 | 1800 | italiano
Alessandro Marcello | Marcello, Alessandro  | 432224 | 1600 | italiano
Benedetto Marcello | Marcello, Benedetto  | 72988 | 1700 | italiano
Louis Marchand | Marchand, Louis  | 560153 | 1600 | francese
Giovanni Marchetti | Marchetti, Giovanni  | 3395085 | -1 | Non pervenuta
Pietro Marchi | Marchi, Pietro  | 5979248 | -1 | italiano
Guglielmo Marconi | Marconi, Guglielmo  | 2691964 | 1900 | italiano
Olinto Marinelli | Marinelli, Olinto  | 276768 | -1 | italiano
Filippo Tommaso Marinetti | Marinetti, Filippo Tommaso  | 720124 | 1900 | italiano
Giovambattista Marino | Marino, Giovambattista  | 2984067 | -1 | Non pervenuta
Alberto Mario | Mario, Alberto  | 855837 | 1800 | italiano
Niccola Marselli | Marselli, Niccola  | 6786296 | -1 | Non pervenuta
Giovanni Marsili | Marsili, Giovanni  | 2976532 | 1700 | italiano
Pier Jacopo Martello | Martello, Pier Jacopo  | 49910 | 1600 | italiano
Tristano Martinelli | Martinelli, Tristano  | 821575 | -1 | italiano
Piero Martinetti | Martinetti, Piero  | 256653 | -1 | Non pervenuta
Ferdinando Martini | Martini, Ferdinando  | 761453 | 1800 | italiano
Giuseppe Martini | Martini, Giuseppe  | 1859530 | 1900 | italiano
Nino Martoglio | Martoglio, Nino  | 109532 | 1900 | italiano
Giuseppe Martucci | Martucci, Giuseppe  | 100810 | 1800 | italiano
Karl Marx | Marx, Karl  | 2699954 | 1800 | tedesco
Filippo Masci | Masci, Filippo  | 2711366 | 1800 | italiano
Ernesto Masi | Masi, Ernesto  | 4520815 | 1800 | italiano
Tullo Massarani | Massarani, Tullo  | 1697474 | 1800 | italiano
Jules Massenet | Massenet, Jules  | 755113 | -1 | francese
Francesco Mastriani | Mastriani, Francesco  | 662158 | 1800 | italiano
Carlo Matteucci | Matteucci, Carlo  | 18959 | 1800 | italiano
Giulio Mazzarino | Mazzarino, Giulio  | 27777 | 1600 | italiano
Giuseppe Mazzini | Mazzini, Giuseppe  | 2757211 | 1800 | italiano
Giovanni Meli | Meli, Giovanni  | 151629 | 1700 | italiano
Herman Melville | Melville, Herman  | 77091 | 1800 | statunitense
Francesco Saverio Merlino | Merlino, Francesco Saverio  | 687509 | -1 | Non pervenuta
Messa di requiem | Messa di requiem  | 3471037 | -1 | Non pervenuta
Maria Messina | Messina, Maria  | 2265348 | 2000 | italiana
Giacomo Meyerbeer | Meyerbeer, Giacomo  | 127136 | 1800 | tedesco
Fulgenzio Micanzio | Micanzio, Fulgenzio  | 3045087 | 1500 | italiano
Louise Michel | Michel, Louise  | 223956 | -1 | francese
Carlo Michelstaedter | Michelstaedter, Carlo  | 94191 | 1900 | italiano
Lorenzo Milani | Milani, Lorenzo  | 98200 | 1900 | italiano
John Stuart Mill | Mill, John Stuart  | 112933 | -1 | britannico
Mille e una notte | Mille e una notte  | 67675 | -1 | Non pervenuta
John Milton | Milton, John  | 18787 | -1 | Non pervenuta
Ugo Mioni | Mioni, Ugo  | 3031856 | 1800 | italiano
Octave Mirbeau | Mirbeau, Octave  | 353848 | 1800 | francese
Nicola Misasi | Misasi, Nicola  | 771697 | 1800 | italiano}}
Luigi Molinari | Molinari, Luigi  | 6586474 | 1800 | italiano
Theodor Mommsen | Mommsen, Theodor  | 198001 | -1 | tedesco
Ernesto Teodoro Moneta | Moneta, Ernesto Teodoro  | 35262 | 1800 | italiano
Massimo Mongai | Mongai, Massimo  | 275468 | 2000 | italiano
Antonino Mongitore | Mongitore, Antonino  | 2274300 | -1 | Non pervenuta
Tomaso Monicelli | Monicelli, Tomaso  | 779654 | 1900 | italiano
Marco Monnier | Monnier, Marco  | 5088332 | -1 | Non pervenuta
Claudio Monteverdi | Monteverdi, Claudio  | 20709 | 1500 | italiano
Achille Monti | Monti, Achille  | 4391676 | -1 | Non pervenuta
Vincenzo Monti | Monti, Vincenzo  | 854877 | 1700 | italiano
Luigi Morandi | Morandi, Luigi  | 1678442 | 1800 | italiano
Mario Morasso | Morasso, Mario  | 3998811 | 1900 | italiano
Mattia Moresco | Moresco, Mattia  | 5171191 | 1800 | italiano
Isabella Morra | Morra, Isabella  | 2125562 | -1 | Non pervenuta
William Morris | Morris, William  | 110494 | 1800 | britannico
Enrico Morselli | Morselli, Enrico  | 2441709 | -1 | italiano
Ercole Luigi Morselli | Morselli, Ercole Luigi  | 2071785 | 2000 | italiano
Gaetano Mosca | Mosca, Gaetano  | 330751 | 1800 | italiano
Nicola Moscardelli | Moscardelli, Nicola  | 4619860 | 1900 | italiano
Angelo Mosso | Mosso, Angelo  | 1541357 | 1800 | italiano
Wolfgang Amadeus Mozart | Mozart, Wolfgang Amadeus  | 2133116 | -1 | austriaco
Anna Maria Mozzoni | Mozzoni, Anna Maria  | 795058 | 1800 | italiana
Giovanni Mulè Bertòlo | Mulè Bertòlo, Giovanni  | 4532137 | 1800 | italiano
Lodovico Muratori | Muratori, Lodovico  | 2961776 | -1 | Non pervenuta
Lodovico Antonio Muratori | Muratori, Lodovico Antonio  | 1633009 | -1 | Non pervenuta
Romolo Murri | Murri, Romolo  | 599501 | 1800 | italiano
Modest Petrovič Musorgskij | Musorgskij, Modest Petrovič  | 99605 | -1 | russo
Étienne Nicolas Méhul | Méhul, Étienne Nicolas  | 133610 | -1 | francese
Nazioni Unite | Nazioni Unite  | 73890 | -1 | Non pervenuta
Ada Negri | Negri, Ada  | 310876 | 1900 | italiana
Francesco Negri | Negri, Francesco  | 4173052 | -1 | Non pervenuta
Gaetano Negri | Negri, Gaetano  | 113969 | 1800 | italiano
Enrico Nencioni | Nencioni, Enrico  | 4032094 | 1800 | italiano
Gherardo Nerucci | Nerucci, Gherardo  | 70501 | 1800 | italiano
Max Nettlau | Nettlau, Max  | 1864749 | 1900 | austriaco
Nibelunghi | Nibelunghi  | 392137 | -1 | Non pervenuta
Giovanni Battista Niccolini | Niccolini, Giovanni Battista  | 1439324 | 1800 | italiano
Carl Nielsen | Nielsen, Carl  | 1908003 | -1 | danese
Idelfonso Nieri | Nieri, Idelfonso  | 2212344 | 1800 | italiano
Friedrich Nietzsche | Nietzsche, Friedrich  | 2437872 | 1800 | tedesco
Ippolito Nievo | Nievo, Ippolito  | 96260 | 1800 | italiano
Guido Nobili | Nobili, Guido  | 6253796 | 1800 | italiano
Max Nordau | Nordau, Max  | 2200173 | 1800 | ungherese
Umberto Norsa | Norsa, Umberto  | 4025487 | -1 | italiano
Alberto Nota | Nota, Alberto  | 2115104 | 1800 | italiano
Angiolo Silvio Novaro | Novaro, Angiolo Silvio  | 708902 | 1800 | italiano
Mario Novaro | Novaro, Mario  | 1744310 | 1900 | italiano
Novellino | Novellino  | 76212 | -1 | Non pervenuta
Ottokar Eugen Nováček | Nováček, Ottokar Eugen  | 6161017 | -1 | Non pervenuta
Jacques Offenbach | Offenbach, Jacques  | 643413 | 1800 | tedesco
Ugo Ojetti | Ojetti, Ugo  | 15256 | 1900 | italiano
Adolfo Omodeo | Omodeo, Adolfo  | 256601 | 1900 | italiano
Edward Phillips Oppenheim | Oppenheim, Edward Phillips  | 5017792 | -1 | Non pervenuta
Francesco Orestano | Orestano, Francesco  | 115324 | 1900 | italiano
Alfredo Oriani | Oriani, Alfredo  | 754908 | 1800 | italiano
Pietro Orsi | Orsi, Pietro  | 5624946 | -1 | Non pervenuta
Felice Orsini | Orsini, Felice  | 147154 | 1800 | italiano
Aleksandr Nikolaevič Ostrovskij | Ostrovskij, Aleksandr Nikolaevič  | 2248633 | 1800 | russo
Johann Pachelbel | Pachelbel, Johann  | 137466 | 1600 | tedesco
Vincenzo Padula | Padula, Vincenzo  | 841777 | 1800 | italiano
Niccolò Paganini | Paganini, Niccolò  | 2641597 | 1800 | italiano
Édouard Pailleron | Pailleron, Édouard  | 3917843 | 1800 | francese
Giovanni Paisiello | Paisiello, Giovanni  | 87028 | 1700 | italiano
Andrea Palladio | Palladio, Andrea  | 694800 | 1500 | italiano
Piersandro Pallavicini | Pallavicini, Piersandro  | 2254975 | 2000 | italiano
Ferrante Pallavicino | Pallavicino, Ferrante  | 1367201 | 1600 | italiano
Angelica Palli Bartolommei | Palli Bartolommei, Angelica  | 6906523 | -1 | Non pervenuta
Maurice Paléologue | Paléologue, Maurice  | 2496491 | 1800 | francese
Enrico Panzacchi | Panzacchi, Enrico  | 1647050 | 1800 | italiano
Alfredo Panzini | Panzini, Alfredo  | 584154 | 1900 | italiano
Ferdinando Paolieri | Paolieri, Ferdinando  | 1814058 | 1900 | italiano
Giuseppe Parini | Parini, Giuseppe  | 854936 | 1700 | italiano
Filippo Parlatore | Parlatore, Filippo  | 282125 | -1 | italiano
Cesare Pascarella | Pascarella, Cesare  | 2562408 | 1800 | italiano
Giovanni Pascoli | Pascoli, Giovanni  | 2204528 | 1800 | italiano
Silvio Pellico | Pellico, Silvio  | 91170 | 1800 | italiano
Caterina Percoto | Percoto, Caterina  | 289506 | 1800 | italiana
Giovanni Battista Pergolesi | Pergolesi, Giovanni Battista  | 64063 | 1700 | italiano
Fredy Perlman | Perlman, Fredy  | 2197037 | 1900 | cecoslovacco
Emma Perodi | Perodi, Emma  | 73375 | 1800 | italiana
Charles Perrault | Perrault, Charles  | 160170 | -1 | Non pervenuta
Francesco Petrarca | Petrarca, Francesco  | 714552 | 1300 | italiano
Giorgio Petrocchi | Petrocchi, Giorgio  | 1726318 | 1900 | italiano
Ferdinando Petruccelli della Gattina | Petruccelli della Gattina, Ferdinando  | 1706780 | 1800 | italiano
Francesco Maria Piave | Piave, Francesco Maria  | 510629 | 1800 | italiano
Bruno Piazza | Piazza, Bruno  | 4577895 | 1900 | italiano
Giuseppe Piazzi | Piazzi, Giuseppe  | 128628 | -1 | italiano
Gianfrancesco Pico della Mirandola | Pico della Mirandola, Gianfrancesco  | 5214717 | -1 | Non pervenuta
Gabriel Pierné | Pierné, Gabriel  | 3037171 | 1900 | francese
Antonio Pigafetta | Pigafetta, Antonio  | 71891 | 1500 | italiano
Giulio Pinchetti | Pinchetti, Giulio  | 1676293 | -1 | Non pervenuta
Ippolito Pindemonte | Pindemonte, Ippolito  | 391470 | 1700 | italiano
Paolo Pino | Pino, Paolo  | 1200070 | 1500 | italiano
Giaime Pintor | Pintor, Giaime  | 137119 | 1900 | italiano
Giovanni Pinza | Pinza, Giovanni  | 3081585 | -1 | italiano
Alfredo Pioda | Pioda, Alfredo  | 6643173 | -1 | svizzero
Gabrio Piola | Piola, Gabrio  | 616740 | 1800 | italiano
Luigi Pirandello | Pirandello, Luigi  | 2013960 | 1800 | italiano
Carlo Pisacane | Pisacane, Carlo  | 89810 | -1 | Non pervenuta
Giuseppe Pitrè | Pitrè, Giuseppe  | 109533 | 1800 | italiano
Gino Piva | Piva, Gino  | 579313 | 1900 | italiano
Giggi Pizzirani | Pizzirani, Giggi  | 3738179 | 1800 | italiano
Luigi Podestà | Podestà, Luigi  | 5739814 | -1 | italiano
Edgar Allan Poe | Poe, Edgar Allan  | 225442 | 1800 | statunitense
Gaetano Polidori | Polidori, Gaetano  | 1328813 | 1700 | italiano
Angelo Poliziano | Poliziano, Angelo  | 4546949 | -1 | Non pervenuta
Marco Polo | Polo, Marco  | 1605825 | 1200 | italiano <!-- conta il fatto che milioni di libri scrivono che è italiano, non la cittadinanza (che tra l'altro non esisteva come esiste oggi) che aveva e che non si può manco dimostrare per l'irreperibilità di carte d'identità dell'epoca. -->
Guido Pompilj | Pompilj, Guido  | 186874 | 1800 | italiano
Amilcare Ponchielli | Ponchielli, Amilcare  | 52261 | 1800 | italiano
David Popper | Popper, David  | 2387507 | 1800 | ceco
Carlo Porta | Porta, Carlo  | 97908 | 1800 | italiano
Antonia Pozzi | Pozzi, Antonia  | 161593 | 1900 | italiana
Ernesto Pozzi | Pozzi, Ernesto  | 1286652 | 1800 | italiano
Michael Praetorius | Praetorius, Michael  | 262693 | 1500 | tedesco
Emilio Praga | Praga, Emilio  | 238346 | 1800 | italiano
Marco Praga | Praga, Marco  | 727987 | 1800 | italiano
Giovanni Prati | Prati, Giovanni  | 44014 | 1800 | italiano
Gaetano Previati | Previati, Gaetano  | 89268 | 1800 | italiano
Pierre Joseph Proudhon | Proudhon, Pierre Joseph  | 1659103 | -1 | Non pervenuta
Giacomo Puccini | Puccini, Giacomo  | 41160 | 1800 | italiano
Carlo Puini | Puini, Carlo  | 4081100 | -1 | italiano
Luigi Pulci | Pulci, Luigi  | 722263 | 1400 | italiano
Henry Purcell | Purcell, Henry  | 220928 | 1600 | inglese
Amilcare Puviani | Puviani, Amilcare  | 3985995 | -1 | italiano
Aleksandr Sergeevič Puškin | Puškin, Aleksandr Sergeevič  | 381188 | -1 | russo
Maurizio Quadrio | Quadrio, Maurizio  | 292275 | -1 | italiano
François Rabelais | Rabelais, François  | 129674 | 1500 | francese
Sergej Vasil'evič Rachmaninov | Rachmaninov, Sergej Vasil'evič  | 25649 | -1 | russo
Charles Racquet | Racquet, Charles  | 2142733 | 1600 | francese
Ann Radcliffe | Radcliffe, Ann  | 28531 | 1700 | inglese
Raffaello Sanzio | Raffaello Sanzio  | 1615963 | 1500 | italiano
Ernesto Ragazzoni | Ragazzoni, Ernesto  | 1466344 | 1800 | italiano
Giovanni Rajberti | Rajberti, Giovanni  | 3703795 | 1800 | italiano
Pio Rajna | Rajna, Pio  | 1746715 | 1800 | italiano
Bernardino Ramazzini | Ramazzini, Bernardino  | 1063534 | 1600 | italiano
Jean-Philippe Rameau | Rameau, Jean-Philippe  | 94900 | 1700 | francese
Giovan Battista Ramusio | Ramusio, Giovan Battista  | 1988545 | 1500 | italiano
Antonio Ranieri | Ranieri, Antonio  | 1192063 | 1800 | italiano
Mario Rapisardi | Rapisardi, Mario  | 427967 | -1 | Non pervenuta
Vitaliano Ravagli | Ravagli, Vitaliano  | 2432825 | -1 | Non pervenuta
Maurice Ravel | Ravel, Maurice  | 112844 | -1 | francese
Ciro Ravenna | Ravenna, Ciro  | 5849828 | 1900 | italiano
Elisée Reclus | Reclus, Elisée  | 1282222 | -1 | Non pervenuta
Francesco Redi | Redi, Francesco  | 207779 | 1600 | italiano
Max Reger | Reger, Max  | 613470 | 1800 | tedesco
Arturo Reghini | Reghini, Arturo  | 328147 | 1900 | italiano
Ernest Renan | Renan, Ernest  | 130896 | 1800 | francese
Giustina Renier Michiel | Renier Michiel, Giustina  | 3900494 | 1700 | italiana
Giuseppe Rensi | Rensi, Giuseppe  | 40983 | 1900 | italiano
Ottorino Respighi | Respighi, Ottorino  | 426154 | 1800 | italiano
Umberto Ricci | Ricci, Umberto  | 253874 | 1900 | italiano
Carlo Righetti | Righetti, Carlo  | 1813080 | -1 | Non pervenuta
Augusto Righi | Righi, Augusto  | 6905502 | -1 | Non pervenuta
Rainer Maria Rilke | Rilke, Rainer Maria  | 136202 | -1 | austriaco
Nikolaj Andreevič Rimskij-Korsakov | Rimskij-Korsakov, Nikolaj Andreevič  | 202451 | 1800 | russo
Emiliano Rinaldini | Rinaldini, Emiliano  | 4038330 | -1 | italiano
Cesare Ripa | Ripa, Cesare  | 241443 | 1600 | italiano
Ceccardo Roccatagliata Ceccardi | Roccatagliata Ceccardi, Ceccardo  | 599513 | 1900 | italiano
Antonio Rocco | Rocco, Antonio  | 1598093 | 1500 | italiano
Egisto Roggero | Roggero, Egisto  | 4385685 | 1800 | italiano
Gerhard Rohlfs | Rohlfs, Gerhard  | 1140350 | -1 | Non pervenuta
Luigi Rolando | Rolando, Luigi  | 1149395 | -1 | Non pervenuta
Augusto Romagnoli | Romagnoli, Augusto  | 3853976 | 1900 | italiano
Ettore Romagnoli | Romagnoli, Ettore  | 1707572 | 1900 | italiano
Felice Romani | Romani, Felice  | 2397754 | 1800 | italiano
Bernhard Heinrich Romberg | Romberg, Bernhard Heinrich  | 6799202 | -1 | Non pervenuta
Carlo Romussi | Romussi, Carlo  | 4150984 | 1800 | italiano
Gino Roncaglia | Roncaglia, Gino  | 3472860 | -1 | Non pervenuta
Giovanna Rosa | Rosa, Giovanna  | 4455300 | 1900 | italiana
Giovanni Rosadi | Rosadi, Giovanni  | 3971163 | 1900 | italiano
Giuseppe Rose | Rose, Giuseppe  | 2971155 | 1900 | italiano
Michele Rosi | Rosi, Michele  | 6908835 | 1800 | italiano
Antonio Rosmini Serbati | Rosmini Serbati, Antonio  | 1156557 | -1 | Non pervenuta
Carlo Rosselli | Rosselli, Carlo  | 54494 | -1 | Non pervenuta
Nello Rosselli | Rosselli, Nello  | 1632069 | 1900 | italiano
Adolfo Rossi | Rossi, Adolfo  | 1490316 | 1800 | italiano
Giovanni Rossi | Rossi, Giovanni  | 3835189 | -1 | Non pervenuta
Gioachino Rossini | Rossini, Gioachino  | 2165 | 1800 | italiano
Edmond Rostand | Rostand, Edmond  | 365814 | 1800 | francese
Jean-Jacques Rousseau | Rousseau, Jean-Jacques  | 719019 | -1 | svizzero
Albert Roussel | Roussel, Albert  | 1035911 | 1900 | francese
Giuseppe Rovani | Rovani, Giuseppe  | 21701 | 1800 | italiano
Gerolamo Rovetta | Rovetta, Gerolamo  | 783422 | 1800 | italiano
Anton Grigorevič Rubinštejn | Rubinštejn, Anton Grigorevič  | 807744 | 1800 | russo
Francesco Ruffini | Ruffini, Francesco  | 1068383 | 1900 | italiano
Giovanni Ruffini | Ruffini, Giovanni  | 6563374 | -1 | Non pervenuta
Vittorio Russo | Russo, Vittorio  | 4410972 | -1 | Non pervenuta
Luigi Russolo | Russolo, Luigi  | 69019 | 1900 | italiano
Giuseppe Sabatini | Sabatini, Giuseppe  | 4223079 | -1 | italiano
Franco Sacchetti | Sacchetti, Franco  | 350618 | 1300 | italiano
Roberto Sacchetti | Sacchetti, Roberto  | 1211041 | 1800 | italiano
Defendente Sacchi | Sacchi, Defendente  | 1343263 | 1800 | italiano
Calogero Angelo Sacheli | Sacheli, Calogero Angelo  | 678856 | 1900 | italiano
Aurelio Saffi | Saffi, Aurelio  | 94755 | 1800 | italiano
Camille Saint-Saëns | Saint-Saëns, Camille  | 217799 | -1 | francese
Carmelo Salanitro | Salanitro, Carmelo  | 719803 | 1900 | italiano
Francesco Saverio Salfi | Salfi, Francesco Saverio  | 1679399 | 1700 | italiano
Emilio Salgari | Salgari, Emilio  | 1701 | 1800 | italiano
Gaius Sallustius Crispus | Sallustius Crispus, Gaius  | 6447739 | -1 | Non pervenuta
Diodata Saluzzo Roero | Saluzzo Roero, Diodata  | 2258909 | 1800 | italiana
Iacopo Sannazaro | Sannazaro, Iacopo  | 1394320 | -1 | Non pervenuta
Paolo Sarpi | Sarpi, Paolo  | 853812 | 1500 | italiano
Sebastiano Satta | Satta, Sebastiano  | 1398618 | 1800 | italiano
Nino Savarese | Savarese, Nino  | 625606 | 1900 | italiano
Maria Savi Lopez | Savi Lopez, Maria  | 5716344 | -1 | Non pervenuta
Girolamo Savonarola | Savonarola, Girolamo  | 2414299 | 1400 | italiano
Edoardo Scarfoglio | Scarfoglio, Edoardo  | 323479 | 1800 | italiano
Domenico Scarlatti | Scarlatti, Domenico  | 124162 | 1700 | italiano
Eduardo Scarpetta | Scarpetta, Eduardo  | 117405 | 1800 | italiano
Johann Hermann Schein | Schein, Johann Hermann  | 1747472 | 1600 | tedesco
Giovanni Virginio Schiaparelli | Schiaparelli, Giovanni Virginio  | 2460944 | -1 | Non pervenuta
Friedrich Schiller | Schiller, Friedrich  | 20017 | 1700 | tedesco
Arthur Schopenhauer | Schopenhauer, Arthur  | 1723938 | 1800 | tedesco
Franz Schubert | Schubert, Franz  | 2401264 | 1800 | austriaco
Robert Schumann | Schumann, Robert  | 2414307 | 1800 | tedesco
Heinrich Schütz | Schütz, Heinrich  | 769098 | 1600 | tedesco
Agostino Scilla | Scilla, Agostino  | 1505074 | 1600 | italiano
Domenico Scinà | Scinà, Domenico  | 1289355 | 1700 | italiano
Walter Scott | Scott, Walter  | 54123 | 1800 | scozzese
Angelo Secchi | Secchi, Angelo  | 399456 | -1 | italiano
Emanuele Sella | Sella, Emanuele  | 413348 | -1 | italiano
Matilde Serao | Serao, Matilde  | 323473 | 1900 | italiana
Giovanni Sercambi | Sercambi, Giovanni  | 882237 | 1300 | italiano
Augusto Serena | Serena, Augusto  | 4089828 | 1800 | italiano
Giuseppe Sergi | Sergi, Giuseppe  | 641111 | -1 | italiano
Renato Serra | Serra, Renato  | 1309303 | 1900 | italiano
Luigi Settembrini | Settembrini, Luigi  | 196663 | 1800 | italiano
Giovanni Sforza | Sforza, Giovanni  | 1136907 | -1 | italiano
William Shakespeare | Shakespeare, William  | 15408 | -1 | inglese
Percy Bysshe Shelley | Shelley, Percy Bysshe  | 79322 | -1 | Non pervenuta
Luigi Siciliani | Siciliani, Luigi  | 793107 | 1900 | italiano
Henryk Sienkiewicz | Sienkiewicz, Henryk  | 15155 | -1 | Non pervenuta
Francesco Siliprandi | Siliprandi, Francesco  | 3371373 | -1 | italiano
Thomas Simpson | Simpson, Thomas  | 74854 | -1 | britannico
Christian August Sinding | Sinding, Christian August  | 6805145 | -1 | Non pervenuta
Aleksandr Nikolaevič Skrjabin | Skrjabin, Aleksandr Nikolaevič  | 14533 | -1 | russo
Scipio Slataper | Slataper, Scipio  | 130743 | 1800 | italiano
Bedřich Smetana | Smetana, Bedřich  | 121377 | 1800 | ceco
Ascanio Sobrero | Sobrero, Ascanio  | 523393 | -1 | italiano
Ettore Socci | Socci, Ettore  | 4049572 | 1800 | italiano
Temistocle Solera | Solera, Temistocle  | 510732 | 1800 | italiano
Arrigo Solmi | Solmi, Arrigo  | 1724239 | 1900 | italiano
Sidney Sonnino | Sonnino, Sidney  | 47326 | 1800 | italiano
Albano Sorbelli | Sorbelli, Albano  | 2306975 | 1900 | italiano
Vincenzo Spampanato | Spampanato, Vincenzo  | 4268153 | -1 | italiano
Bertrando Spaventa | Spaventa, Bertrando  | 395804 | 1800 | italiano
Silvio Spaventa Filippi | Spaventa Filippi, Silvio  | 841945 | 1800 | italiano
Sperone Speroni | Speroni, Sperone  | 669115 | 1500 | italiano
Vittorio Spinazzola | Spinazzola, Vittorio  | 4806895 | 1800 | italiano
Gaspare Spontini | Spontini, Gaspare  | 569462 | 1800 | italiano
Gaspara Stampa | Stampa, Gaspara  | 126936 | 1500 | italiana
Rudolf Steiner | Steiner, Rudolf  | 73309 | 1800 | austriaco
Flavia Steno | Steno, Flavia  | 222312 | 1900 | italiana
Laurence Sterne | Sterne, Laurence  | 165882 | 1700 | britannico
Alfred Walter Stewart | Stewart, Alfred Walter  | 2432526 | 1900 | britannico
Max Stirner | Stirner, Max  | 381158 | 1800 | tedesco
Harriet Beecher Stowe | Stowe, Harriet Beecher  | 1061718 | 1800 | statunitense
Giovanni Francesco Straparola | Straparola, Giovanni Francesco  | 313722 | 1500 | italiano
Johann Strauss | Strauss, Johann  | 58570 | -1 | Non pervenuta
Josef Strauss | Strauss, Josef  | 1323102 | 1800 | austriaco
Josef Suk | Suk, Josef  | 1320689 | 1800 | ceco
Arthur Seymour Sullivan | Sullivan, Arthur Seymour  | 6797533 | -1 | Non pervenuta
Felice Supino | Supino, Felice  | 5491527 | 1800 | italiano
Paride Suzzara Verdi | Suzzara Verdi, Paride  | 3362576 | 1800 | italiano
Jonathan Swift | Swift, Jonathan  | 109119 | -1 | irlandese
Paolo Sylos Labini | Sylos Labini, Paolo  | 253981 | -1 | italiano
Karol Szymanowski | Szymanowski, Karol  | 334364 | -1 | polacco
Rabindranath Tagore | Tagore, Rabindranath  | 85111 | -1 | bengalese
Iginio Ugo Tarchetti | Tarchetti, Iginio Ugo  | 4917313 | -1 | Non pervenuta
Giovanni Targioni Tozzetti | Targioni Tozzetti, Giovanni  | 237077 | -1 | italiano
Niccolò Tartaglia | Tartaglia, Niccolò  | 59299 | 1500 | italiano
Giuseppe Tartini | Tartini, Giuseppe  | 136423 | 1700 | italiano
Clarice Tartufari | Tartufari, Clarice  | 2405738 | 1800 | italiana
Giuseppe Tassini | Tassini, Giuseppe  | 2555361 | 1800 | italiano
Torquato Tasso | Tasso, Torquato  | 710598 | 1500 | italiano
Alessandro Tassoni | Tassoni, Alessandro  | 718924 | 1600 | italiano
Georg Philipp Telemann | Telemann, Georg Philipp  | 1040742 | -1 | Non pervenuta
Bruto Teloni | Teloni, Bruto  | 1628022 | -1 | Non pervenuta
Domenico Tempio | Tempio, Domenico  | 1696046 | 1800 | italiano
Carlo Tenca | Tenca, Carlo  | 1486425 | 1800 | italiano
Delio Tessa | Tessa, Delio  | 507542 | 1900 | italiano
Alfredo Testoni | Testoni, Alfredo  | 91271 | 1800 | italiano
André Theuriet | Theuriet, André  | 1889076 | 1800 | francese
Henry David Thoreau | Thoreau, Henry David  | 33434 | 1800 | statunitense
Pietro Thouar | Thouar, Pietro  | 1703667 | 1800 | italiano
Enrico Thovez | Thovez, Enrico  | 205752 | 1800 | italiano
Giuseppe Tigri | Tigri, Giuseppe  | 71318 | 1800 | italiano
Adriano Tilgher | Tilgher, Adriano  | 228173 | -1 | Non pervenuta
Girolamo Tiraboschi | Tiraboschi, Girolamo  | 1672617 | 1700 | italiano
Jean Titelouze | Titelouze, Jean  | 2142697 | 1500 | francese
Lev Nikolaevič Tolstoj | Tolstoj, Lev Nikolaevič  | 2549835 | -1 | Non pervenuta
Niccolò Tommaseo | Tommaseo, Niccolò  | 476749 | 1800 | italiano
Achille Torelli | Torelli, Achille  | 1357906 | 1800 | italiano
Luigi Torelli | Torelli, Luigi  | 760914 | 1800 | italiano
Evangelista Torricelli | Torricelli, Evangelista  | 81558 | 1600 | italiano
Francesco Paolo Tosti | Tosti, Francesco Paolo  | 477505 | 1800 | italiano
Luigi Tosti | Tosti, Luigi  | 2018810 | 1800 | italiano
Federigo Tozzi | Tozzi, Federigo  | 719491 | 1900 | italiano
Silvio Trentin | Trentin, Silvio  | 403398 | 1900 | italiano
Carlo Tresca | Tresca, Carlo  | 823300 | 1800 | italiano
Domenico Tumiati | Tumiati, Domenico  | 3066305 | 1900 | italiano
Ivan Sergeevič Turgenev | Turgenev, Ivan Sergeevič  | 333850 | -1 | russo
Petruccio Ubaldini | Ubaldini, Petruccio  | 2703449 | 1500 | italiano
Primo Uccellini | Uccellini, Primo  | 3278577 | 1800 | italiano
Giovanni Battista Ughetti | Ughetti, Giovanni Battista  | 5531648 | 1800 | italiano
UNESCO | UNESCO  | 728142 | -1 | Non pervenuta
Unione Europea | Unione Europea  | 2127317 | -1 | Non pervenuta
Giovanni Vailati | Vailati, Giovanni  | 409718 | 1800 | italiano
Paolo Valera | Valera, Paolo  | 375122 | 1800 | italiano
Nicola Valletta | Valletta, Nicola  | 4072015 | 1700 | italiano
Luigi Valli | Valli, Luigi  | 2244414 | 1900 | italiano
Giuseppe Vannicola | Vannicola, Giuseppe  | 5730873 | 1800 | italiano
Bartolomeo Vanzetti | Vanzetti, Bartolomeo  | 81522 | -1 | Non pervenuta
Giorgio Vasari | Vasari, Giorgio  | 235320 | 1500 | italiano
Vaticano | Vaticano  | 2925769 | -1 | Non pervenuta
Fabrizio Venerandi | Venerandi, Fabrizio  | 1496008 | 1900 | italiano
Maffio Venier | Venier, Maffio  | 2901405 | 1500 | italiano
Adolfo Venturi | Venturi, Adolfo  | 2651797 | -1 | Non pervenuta
Grazia Verasani | Verasani, Grazia  | 3077729 | 1900 | italiana
Giuseppe Verdi | Verdi, Giuseppe  | 2949972 | -1 | Non pervenuta
Federigo Verdinois | Verdinois, Federigo  | 2025889 | 1800 | italiano
Giovanni Verga | Verga, Giovanni  | 2755707 | -1 | Non pervenuta
Jules Verne | Verne, Jules  | 2148 | 1800 | francese
Angela Veronese | Veronese, Angela  | 1003830 | -1 | Non pervenuta
Alessandro Verri | Verri, Alessandro  | 2276566 | 1700 | italiano
Carlo Verri | Verri, Carlo  | 2290743 | 1700 | italiano
Pietro Verri | Verri, Pietro  | 275107 | 1700 | italiano
Anna Vertua Gentile | Vertua Gentile, Anna  | 6108101 | 1900 | italiana
Francesco Vettori | Vettori, Francesco  | 493918 | 1500 | italiano
Lorenzo Viani | Viani, Lorenzo  | 628581 | 1900 | italiano
Giambattista Vico | Vico, Giambattista  | 2050150 | 1600 | italiano
Henri Vieuxtemps | Vieuxtemps, Henri  | 1097873 | -1 | belga
Giuseppe Vigoni | Vigoni, Giuseppe  | 3378592 | -1 | Non pervenuta
Antonio Villa | Villa, Antonio  | 3800510 | 1800 | italiano
Giovanni Villani | Villani, Giovanni  | 118534 | 1300 | italiano
Pasquale Villari | Villari, Pasquale  | 717813 | 1800 | italiano
Auguste Villiers de l'Isle-Adam | Villiers de l'Isle-Adam, Auguste  | 1211947 | -1 | Non pervenuta
Alfredo Violante | Violante, Alfredo  | 3868895 | 1900 | italiano
Alberto Viriglio | Viriglio, Alberto  | 6571371 | 1800 | italiano
Antonio Vismara | Vismara, Antonio  | 4300393 | -1 | italiano
Tomaso Antonio Vitali | Vitali, Tomaso Antonio  | 1316409 | 1600 | italiano
Antonio Vivaldi | Vivaldi, Antonio  | 37546 | 1700 | italiano
Annie Vivanti | Vivanti, Annie  | 541461 | 1800 | italiana
Vincenzo Viviani | Viviani, Vincenzo  | 486372 | 1600 | italiano
Gaetano Volpi | Volpi, Gaetano  | 499734 | 1700 | italiano
Alessandro Volta | Volta, Alessandro  | 9637 | 1700 | italiano
Vito Volterra | Volterra, Vito  | 120377 | -1 | Non pervenuta
Richard Wagner | Wagner, Richard  | 59696 | 1800 | tedesco
Alfred Russel Wallace | Wallace, Alfred Russel  | 2567072 | 1800 | gallese
Horace Walpole | Walpole, Horace  | 24225 | 1700 | inglese
Herbert George Wells | Wells, Herbert George  | 372321 | -1 | Non pervenuta
Jessie White Mario | White Mario, Jessie  | 2000820 | -1 | Non pervenuta
Erasmus Widmann | Widmann, Erasmus  | 3126941 | 1600 | tedesco
Henryk Wieniawski | Wieniawski, Henryk  | 1319828 | -1 | polacco
Oscar Wilde | Wilde, Oscar  | 2796142 | -1 | irlandese
Hugo Wolf | Wolf, Hugo  | 1972516 | 1800 | austriaco
Virginia Woolf | Woolf, Virginia  | 70609 | -1 | Non pervenuta
World Wide Web Consortium | World Wide Web Consortium  | 4534 | -1 | Non pervenuta
Wu Ming | Wu Ming  | 78203 | -1 | Non pervenuta
Wu Ming 1 | Wu Ming 1  | 4485081 | 2000 | italiano
Wu Ming 2 | Wu Ming 2  | 4487038 | 2000 | italiano
Wu Ming 5 | Wu Ming 5  | 4625865 | 2000 | italiano
Wilhelm Wundt | Wundt, Wilhelm  | 54608 | 1800 | tedesco
Giacomo Zanella | Zanella, Giacomo  | 42282 | 1800 | italiano
Alex Zanotelli | Zanotelli, Alex  | 47528 | -1 | italiano
Émile Zola | Zola, Émile  | 96375 | 1800 | francese
