Giuseppe Cesare Abba | Abba, Giuseppe Cesare  | 702527 | 1800 | italiano |  https://www.liberliber.it/online/autori/autori-a/giuseppe-cesare-abba/
Luisa Accati | Accati, Luisa  | 4454738 | 1900 | italiana |  https://www.liberliber.it/online/autori/autori-a/luisa-accati/
Giuseppe Adami | Adami, Giuseppe  | 1780055 | 1800 | italiano |  https://www.liberliber.it/online/autori/autori-a/giuseppe-adami/
Augusto Agabiti | Agabiti, Augusto  | 2962333 | 1800 | italiano |  https://www.liberliber.it/online/autori/autori-a/augusto-agabiti/
Vittoria Aganoor | Aganoor, Vittoria  | 126668 | 1800 | italiana |  https://www.liberliber.it/online/autori/autori-a/vittoria-aganoor/
Paolo Agaraff | Agaraff, Paolo  | 302433 | 2000 | italiano |  https://www.liberliber.it/online/autori/autori-a/paolo-agaraff/
Adolfo Albertazzi | Albertazzi, Adolfo  | 841131 | 1900 | italiano |  https://www.liberliber.it/online/autori/autori-a/adolfo-albertazzi/
Pilo Albertelli | Albertelli, Pilo  | 1577746 | 1900 | italiano |  https://www.liberliber.it/online/autori/autori-a/pilo-albertelli/
Aleardo Aleardi | Aleardi, Aleardo  | 46622 | 1800 | italiano |  https://www.liberliber.it/online/autori/autori-a/aleardo-aleardi/
Luigi Amabile | Amabile, Luigi  | 1706977 | 1800 | italiano |  https://www.liberliber.it/online/autori/autori-a/luigi-amabile/
Michele Amari | Amari, Michele  | 200521 | 1800 | italiano |  https://www.liberliber.it/online/autori/autori-a/michele-amari/
Federico Amodeo | Amodeo, Federico  | 21525 | 1800 | italiano |  https://www.liberliber.it/online/autori/autori-a/federico-amodeo/
Antonino Anile | Anile, Antonino  | 1843422 | 1900 | italiano |  https://www.liberliber.it/online/autori/autori-a/antonino-anile/
Camillo Antona Traversi | Antona Traversi, Camillo  | 4107132 | 1800 | italiano |  https://www.liberliber.it/online/autori/autori-a/camillo-antona-traversi/
Luigi Antonelli | Antonelli, Luigi  | 2642956 | 1800 | italiano |  https://www.liberliber.it/online/autori/autori-a/luigi-antonelli/
Mario Appelius | Appelius, Mario  | 779246 | 1900 | italiano |  https://www.liberliber.it/online/autori/autori-a/mario-appelius/
Emanuele Artom | Artom, Emanuele  | 1810177 | 1900 | italiano |  https://www.liberliber.it/online/autori/autori-a/emanuele-artom/
Pellegrino Artusi | Artusi, Pellegrino  | 144813 | 1800 | italiano |  https://www.liberliber.it/online/autori/autori-a/pellegrino-artusi/
Avancinio Avancini | Avancini, Avancinio  | 4993827 | 1800 | italiano |  https://www.liberliber.it/online/autori/autori-a/avancinio-avancini/
Ida Baccini | Baccini, Ida  | 4454818 | 1800 | italiana |  https://www.liberliber.it/online/autori/autori-b/ida-baccini/
Niccolò Bacigalupo | Bacigalupo, Niccolò  | 1497844 | 1900 | italiano |  https://www.liberliber.it/online/autori/autori-b/niccolo-bacigalupo/
Cesare Balbo | Balbo, Cesare  | 248006 | 1800 | italiano |  https://www.liberliber.it/online/autori/autori-b/cesare-balbo/
Giuseppe Bandi | Bandi, Giuseppe  | 772588 | 1800 | italiano |  https://www.liberliber.it/online/autori/autori-b/giuseppe-bandi/
Pierangelo Baratono | Baratono, Pierangelo  | 5200613 | 1900 | italiano |  https://www.liberliber.it/online/autori/autori-b/pierangelo-baratono/
Berto Barbarani | Barbarani, Berto  | 1371051 | 1900 | italiano |  https://www.liberliber.it/online/autori/autori-b/berto-barbarani/
Eugenio Barbarich | Barbarich, Eugenio  | 1113847 | 1800 | italiano |  https://www.liberliber.it/online/autori/autori-b/eugenio-barbarich/
Ulisse Barbieri | Barbieri, Ulisse  | 3554512 | 1800 | italiano |  https://www.liberliber.it/online/autori/autori-b/ulisse-barbieri/
Carmela Baricelli | Baricelli, Carmela  | 3250554 | 1800 | italiana |  https://www.liberliber.it/online/autori/autori-b/carmela-baricelli/
Anton Giulio Barrili | Barrili, Anton Giulio  | 445666 | 1800 | italiano |  https://www.liberliber.it/online/autori/autori-b/anton-giulio-barrili/
Ambrogio Bazzero | Bazzero, Ambrogio  | 4050178 | 1800 | italiano |  https://www.liberliber.it/online/autori/autori-b/ambrogio-bazzero/
Giambattista Bazzoni | Bazzoni, Giambattista  | 1886533 | 1800 | italiano |  https://www.liberliber.it/online/autori/autori-b/giambattista-bazzoni/
Antonella Beccaria | Beccaria, Antonella  | 4455158 | 1900 | italiana |  https://www.liberliber.it/online/autori/autori-b/antonella-beccaria/
Giacomo Bellacchi | Bellacchi, Giacomo  | 23198 | 1800 | italiano |  https://www.liberliber.it/online/autori/autori-b/giacomo-bellacchi/
Giuseppe Gioachino Belli | Belli, Giuseppe Gioachino  | 50708 | 1800 | italiano |  https://www.liberliber.it/online/autori/autori-b/giuseppe-gioachino-belli/
Vincenzo Bellini | Bellini, Vincenzo  | 109726 | 1800 | italiano |  https://www.liberliber.it/online/autori/autori-b/vincenzo-bellini/
Enrico Bellone | Bellone, Enrico  | 254172 | 1900 | italiano |  https://www.liberliber.it/online/autori/autori-b/enrico-bellone/
Elia Benamozegh | Benamozegh, Elia  | 407310 | 1800 | italiano |  https://www.liberliber.it/online/autori/autori-b/elia-benamozegh/
Giovanni Berchet | Berchet, Giovanni  | 116018 | 1800 | italiano |  https://www.liberliber.it/online/autori/autori-b/giovanni-berchet/
Guglielmo Berchet | Berchet, Guglielmo  | 1569825 | 1800 | italiano |  https://www.liberliber.it/online/autori/autori-b/guglielmo-berchet/
Camillo Berneri | Berneri, Camillo  | 1911531 | 1900 | italiano |  https://www.liberliber.it/online/autori/autori-b/camillo-berneri/
Vittorio Bersezio | Bersezio, Vittorio  | 622426 | 1800 | italiano |  https://www.liberliber.it/online/autori/autori-b/vittorio-bersezio/
Giovanni Bertacchi | Bertacchi, Giovanni  | 548649 | 1800 | italiano |  https://www.liberliber.it/online/autori/autori-b/giovanni-bertacchi/
Domenico Berti | Berti, Domenico  | 760965 | 1800 | italiano |  https://www.liberliber.it/online/autori/autori-b/domenico-berti/
Guido Biagi | Biagi, Guido  | 6906057 | 1800 | italiano |  https://www.liberliber.it/online/autori/autori-b/guido-biagi/
Arturo Bianchi | Bianchi, Arturo  | 6027547 | 1900 | italiano |  https://www.liberliber.it/online/autori/autori-b/arturo-bianchi/
Carlo Bianco | Bianco, Carlo  | 2463902 | 1900 | italiano |  https://www.liberliber.it/online/autori/autori-b/carlo-bianco/
Pasquale Binazzi | Binazzi, Pasquale  | 1400910 | 1900 | italiano |  https://www.liberliber.it/online/autori/autori-b/pasquale-binazzi/
Carlo Bini | Bini, Carlo  | 2971704 | 1800 | italiano |  https://www.liberliber.it/online/autori/autori-b/carlo-bini/
Luigi Blanch | Blanch, Luigi  | 2660015 | 1800 | italiano |  https://www.liberliber.it/online/autori/autori-b/luigi-blanch/
Pietro Blaserna | Blaserna, Pietro  | 23338 | 1800 | italiano |  https://www.liberliber.it/online/autori/autori-b/pietro-blaserna/
Gerolamo Boccardo | Boccardo, Gerolamo  | 1702048 | 1800 | italiano |  https://www.liberliber.it/online/autori/autori-b/gerolamo-boccardo/
Renzo Ildebrando Bocchi | Bocchi, Renzo Ildebrando  | 2938894 | 1900 | italiano |  https://www.liberliber.it/online/autori/autori-b/renzo-ildebrando-bocchi/
Giovanni Boine | Boine, Giovanni  | 48732 | 1900 | italiano |  https://www.liberliber.it/online/autori/autori-b/giovanni-boine/
Arrigo Boito | Boito, Arrigo  | 2064556 | 1800 | italiano |  https://www.liberliber.it/online/autori/autori-b/arrigo-boito/
Giorgio Bolza | Bolza, Giorgio  | 4977952 | 1800 | italiano |  https://www.liberliber.it/online/autori/autori-b/giorgio-bolza/
Francesco Augusto Bon | Bon, Francesco Augusto  | 1898038 | 1800 | italiano |  https://www.liberliber.it/online/autori/autori-b/francesco-augusto-bon/
Carlo Bonacini | Bonacini, Carlo  | 23350 | 1800 | italiano |  https://www.liberliber.it/online/autori/autori-b/carlo-bonacini/
Romualdo Bonfadini | Bonfadini, Romualdo  | 4485303 | 1800 | italiano |  https://www.liberliber.it/online/autori/autori-b/romualdo-bonfadini/
Ruggiero Bonghi | Bonghi, Ruggiero  | 217443 | 1800 | italiano |  https://www.liberliber.it/online/autori/autori-b/ruggiero-bonghi/
Armando Borghi | Borghi, Armando  | 1199661 | 1900 | italiano |  https://www.liberliber.it/online/autori/autori-b/armando-borghi/
Ferdinando Bosio | Bosio, Ferdinando  | 5249945 | 1800 | italiano |  https://www.liberliber.it/online/autori/autori-b/ferdinando-bosio/
Carlo Botta | Botta, Carlo  | 190394 | 1800 | italiano |  https://www.liberliber.it/online/autori/autori-b/carlo-botta/
Giovanni Bovio | Bovio, Giovanni  | 870556 | 1800 | italiano |  https://www.liberliber.it/online/autori/autori-b/giovanni-bovio/
Libero Bovio | Bovio, Libero  | 481733 | 1900 | italiano |  https://www.liberliber.it/online/autori/autori-b/libero-bovio/
Umberto Bozzini | Bozzini, Umberto  | 1638263 | 1900 | italiano |  https://www.liberliber.it/online/autori/autori-b/umberto-bozzini/
Roberto Bracco | Bracco, Roberto  | 1203765 | 1800 | italiano |  https://www.liberliber.it/online/autori/autori-b/roberto-bracco/
Gianni Brera | Brera, Gianni  | 298657 | 1900 | italiano |  https://www.liberliber.it/online/autori/autori-b/gianni-brera/
Angelo Brofferio | Brofferio, Angelo  | 839329 | 1800 | italiano |  https://www.liberliber.it/online/autori/autori-b/angelo-brofferio/
Rita Brunetti | Brunetti, Rita  | 2214333 | 1900 | italiana |  https://www.liberliber.it/online/autori/autori-b/rita-brunetti/
Giuseppe Bruni | Bruni, Giuseppe  | 5731474 | 1900 | italiano |  https://www.liberliber.it/online/autori/autori-b/giuseppe-bruni/
Ernesto Buonaiuti | Buonaiuti, Ernesto  | 438388 | 1900 | italiano |  https://www.liberliber.it/online/autori/autori-b/ernesto-buonaiuti/
Bruno Buozzi | Buozzi, Bruno  | 286379 | 1900 | italiano |  https://www.liberliber.it/online/autori/autori-b/bruno-buozzi/
Alessandra Buschi | Buschi, Alessandra  | 4570164 | 1900 | italiana |  https://www.liberliber.it/online/autori/autori-b/alessandra-buschi/
Ferruccio Busoni | Busoni, Ferruccio  | 37508 | 1800 | italiano |  https://www.liberliber.it/online/autori/autori-b/ferruccio-busoni/
Enrico Annibale Butti | Butti, Enrico Annibale  | 4058671 | 1800 | italiano |  https://www.liberliber.it/online/autori/autori-b/enrico-annibale-butti/
Antonio Caccianiga | Caccianiga, Antonio  | 3413454 | 1800 | italiano |  https://www.liberliber.it/online/autori/autori-c/antonio-caccianiga/
Carlo Cafiero | Cafiero, Carlo  | 24474 | 1800 | italiano |  https://www.liberliber.it/online/autori/autori-c/carlo-cafiero/
Achille Giovanni Cagna | Cagna, Achille Giovanni  | 674855 | 1800 | italiano |  https://www.liberliber.it/online/autori/autori-c/achille-giovanni-cagna/
Manfredo Cagni | Cagni, Manfredo  | 6069409 | 1800 | italiano |  https://www.liberliber.it/online/autori/autori-c/manfredo-cagni/
Enrico Calandra | Calandra, Enrico  | 5037199 | 1800 | italiano |  https://www.liberliber.it/online/autori/autori-c/enrico-calandra/
Guido Calza | Calza, Guido  | 3558467 | 1900 | italiano |  https://www.liberliber.it/online/autori/autori-c/guido-calza/
Mario Camis | Camis, Mario  | 3014766 | 1900 | italiano |  https://www.liberliber.it/online/autori/autori-c/mario-camis/
Dino Campana | Campana, Dino  | 47247 | 1900 | italiano |  https://www.liberliber.it/online/autori/autori-c/dino-campana/
Luigi Campolonghi | Campolonghi, Luigi  | 870517 | 1900 | italiano |  https://www.liberliber.it/online/autori/autori-c/luigi-campolonghi/
Luigi Canina | Canina, Luigi  | 82456 | 1800 | italiano |  https://www.liberliber.it/online/autori/autori-c/luigi-canina/
Stanislao Cannizzaro | Cannizzaro, Stanislao  | 22934 | 1800 | italiano |  https://www.liberliber.it/online/autori/autori-c/stanislao-cannizzaro/
Alberto Cantoni | Cantoni, Alberto  | 666447 | 1800 | italiano |  https://www.liberliber.it/online/autori/autori-c/alberto-cantoni/
Giovanni Cantoni | Cantoni, Giovanni  | 565911 | 1900 | italiano |  https://www.liberliber.it/online/autori/autori-c/giovanni-cantoni/
Cesare Cantù | Cantù, Cesare  | 21603 | 1800 | italiano |  https://www.liberliber.it/online/autori/autori-c/cesare-cantu/
Gino Capponi | Capponi, Gino  | 653026 | 1800 | italiano |  https://www.liberliber.it/online/autori/autori-c/gino-capponi/
Luigi Capuana | Capuana, Luigi  | 97828 | 1800 | italiano |  https://www.liberliber.it/online/autori/autori-c/luigi-capuana/
Enrichetta Caracciolo | Caracciolo, Enrichetta  | 2593649 | 1800 | italiana |  https://www.liberliber.it/online/autori/autori-c/enrichetta-caracciolo/
Enrichetta Carafa Capecelatro | Carafa Capecelatro, Enrichetta  | 4037906 | 1800 | italiana |  https://www.liberliber.it/online/autori/autori-c/enrichetta-carafa-capecelatro/
Giulio Carcano | Carcano, Giulio  | 1691675 | 1800 | italiano |  https://www.liberliber.it/online/autori/autori-c/giulio-carcano/
Emanuel Carnevali | Carnevali, Emanuel  | 2108689 | 1900 | italiano |  https://www.liberliber.it/online/autori/autori-c/emanuel-carnevali/
Guido Carocci | Carocci, Guido  | 2085520 | 1800 | italiano |  https://www.liberliber.it/online/autori/autori-c/guido-carocci/
David Castelli | Castelli, David  | 2974984 | 1800 | italiano |  https://www.liberliber.it/online/autori/autori-c/david-castelli/
Ettore Castiglioni | Castiglioni, Ettore  | 2035708 | 1900 | italiano |  https://www.liberliber.it/online/autori/autori-c/ettore-castiglioni/
Alfredo Catalani | Catalani, Alfredo  | 1786526 | 1800 | italiano |  https://www.liberliber.it/online/autori/autori-c/alfredo-catalani/
Carlo Cattaneo | Cattaneo, Carlo  | 107875 | 1800 | italiano |  https://www.liberliber.it/online/autori/autori-c/carlo-cattaneo/
Giuseppe Cava | Cava, Giuseppe  | 1195542 | 1900 | italiano |  https://www.liberliber.it/online/autori/autori-c/giuseppe-cava/
Felice Cavallotti | Cavallotti, Felice  | 306003 | 1800 | italiano |  https://www.liberliber.it/online/autori/autori-c/felice-cavallotti/
Ciro Caversazzi | Caversazzi, Ciro  | 3446617 | 1800 | italiano |  https://www.liberliber.it/online/autori/autori-c/ciro-caversazzi/
Enrico Caviglia | Caviglia, Enrico  | 571200 | 1800 | italiano |  https://www.liberliber.it/online/autori/autori-c/enrico-caviglia/
Giovanni Celoria | Celoria, Giovanni  | 23559 | 1900 | italiano |  https://www.liberliber.it/online/autori/autori-c/giovanni-celoria/
Giovanni Cena | Cena, Giovanni  | 1571530 | 1800 | italiano |  https://www.liberliber.it/online/autori/autori-c/giovanni-cena/
Gaetano Carlo Chelli | Chelli, Gaetano Carlo  | 3684011 | 1800 | italiano |  https://www.liberliber.it/online/autori/autori-c/gaetano-carlo-chelli/
Luigi Chiarelli | Chiarelli, Luigi  | 777146 | 1900 | italiano |  https://www.liberliber.it/online/autori/autori-c/luigi-chiarelli/
Giuseppe Chiarini | Chiarini, Giuseppe  | 1237285 | 1800 | italiano |  https://www.liberliber.it/online/autori/autori-c/giuseppe-chiarini/
Pietro Chiesa | Chiesa, Pietro  | 5455739 | 1800 | italiano |  https://www.liberliber.it/online/autori/autori-c/pietro-chiesa/
Emanuele Ciaceri | Ciaceri, Emanuele  | 3895347 | 1900 | italiano |  https://www.liberliber.it/online/autori/autori-c/emanuele-ciaceri/
Domenico Ciampoli | Ciampoli, Domenico  | 2291973 | 1800 | italiano |  https://www.liberliber.it/online/autori/autori-c/domenico-ciampoli/
Galeazzo Ciano | Ciano, Galeazzo  | 21581 | 1900 | italiano |  https://www.liberliber.it/online/autori/autori-c/galeazzo-ciano/
Giorgio Cicogna | Cicogna, Giorgio  | 2018041 | 1900 | italiano |  https://www.liberliber.it/online/autori/autori-c/giorgio-cicogna/
Delfino Cinelli | Cinelli, Delfino  | 4346484 | 1900 | italiano |  https://www.liberliber.it/online/autori/autori-c/delfino-cinelli/
Giovanni Cittadella | Cittadella, Giovanni  | 1665192 | 1800 | italiano |  https://www.liberliber.it/online/autori/autori-c/giovanni-cittadella/
Tommaso Claps | Claps, Tommaso  | 2357156 | 1800 | italiano |  https://www.liberliber.it/online/autori/autori-c/tommaso-claps/
Igino Cocchi | Cocchi, Igino  | 3544701 | 1800 | italiano |  https://www.liberliber.it/online/autori/autori-c/igino-cocchi/
Pietro Colletta | Colletta, Pietro  | 19250 | 1800 | italiano |  https://www.liberliber.it/online/autori/autori-c/pietro-colletta/
Eugenio Colorni | Colorni, Eugenio  | 312832 | 1900 | italiano |  https://www.liberliber.it/online/autori/autori-c/eugenio-colorni/
Domenico Comparetti | Comparetti, Domenico  | 1480417 | 1800 | italiano |  https://www.liberliber.it/online/autori/autori-c/domenico-comparetti/
Orso Mario Corbino | Corbino, Orso Mario  | 339912 | 1800 | italiano |  https://www.liberliber.it/online/autori/autori-c/orso-mario-corbino/
Giovanni Maria Cornoldi | Cornoldi, Giovanni Maria  | 1905914 | 1800 | italiano |  https://www.liberliber.it/online/autori/autori-c/giovanni-maria-cornoldi/
Enrico Corradini | Corradini, Enrico  | 266294 | 1900 | italiano |  https://www.liberliber.it/online/autori/autori-c/enrico-corradini/
Pietro Cossa | Cossa, Pietro  | 2909780 | 1800 | italiano |  https://www.liberliber.it/online/autori/autori-c/pietro-cossa/
Andrea Costa | Costa, Andrea  | 708054 | 1800 | italiano |  https://www.liberliber.it/online/autori/autori-c/andrea-costa/
Francesco Crispi | Crispi, Francesco  | 47263 | 1800 | italiano |  https://www.liberliber.it/online/autori/autori-c/francesco-crispi/
Vincenzo Cuoco | Cuoco, Vincenzo  | 201051 | 1800 | italiano |  https://www.liberliber.it/online/autori/autori-c/vincenzo-cuoco/
Eugenio Curiel | Curiel, Eugenio  | 1977335 | 1900 | italiano |  https://www.liberliber.it/online/autori/autori-c/eugenio-curiel/
Antonio Curti | Curti, Antonio  | 3449599 | 1800 | italiano |  https://www.liberliber.it/online/autori/autori-c/antonio-curti/
Francesco Cusani | Cusani, Francesco  | 6601205 | 1900 | italiano |  https://www.liberliber.it/online/autori/autori-c/francesco-cusani/
Lucio D'Ambra | D'Ambra, Lucio  | 2951440 | 1900 | italiano |  https://www.liberliber.it/online/autori/autori-d/lucio-dambra/
Alessandro D'Ancona | D'Ancona, Alessandro  | 403397 | 1800 | italiano |  https://www.liberliber.it/online/autori/autori-d/alessandro-dancona/
Edmondo De Amicis | De Amicis, Edmondo  | 1721 | 1800 | italiano |  https://www.liberliber.it/online/autori/autori-d/edmondo-de-amicis/
Augusto De Angelis | De Angelis, Augusto  | 1705497 | 1900 | italiano |  https://www.liberliber.it/online/autori/autori-d/augusto-de-angelis/
Abele De Blasio | De Blasio, Abele  | 1687461 | 1800 | italiano |  https://www.liberliber.it/online/autori/autori-d/abele-de-blasio/
Filippo De Boni | De Boni, Filippo  | 3495611 | 1800 | italiano |  https://www.liberliber.it/online/autori/autori-d/filippo-de-boni/
Lauro De Bosis | De Bosis, Lauro  | 233613 | 1900 | italiano |  https://www.liberliber.it/online/autori/autori-d/lauro-de-bosis/
Angelo De Gubernatis | De Gubernatis, Angelo  | 467179 | 1800 | italiano |  https://www.liberliber.it/online/autori/autori-d/angelo-de-gubernatis/
Alessandro Della Seta | Della Seta, Alessandro  | 2140243 | 1900 | italiano |  https://www.liberliber.it/online/autori/autori-d/alessandro-della-seta/
Isidoro Del Lungo | Del Lungo, Isidoro  | 97053 | 1800 | italiano |  https://www.liberliber.it/online/autori/autori-d/isidoro-del-lungo/
Federico Delpino | Delpino, Federico  | 2691713 | 1800 | italiano |  https://www.liberliber.it/online/autori/autori-d/federico-delpino/
Olinto De Pretto | De Pretto, Olinto  | 298756 | 1800 | italiano |  https://www.liberliber.it/online/autori/autori-d/olinto-de-pretto/
Federico De Roberto | De Roberto, Federico  | 99157 | 1800 | italiano |  https://www.liberliber.it/online/autori/autori-d/federico-de-roberto/
Francesco De Sanctis | De Sanctis, Francesco  | 152802 | 1800 | italiano |  https://www.liberliber.it/online/autori/autori-d/francesco-de-sanctis/
Salvatore Di Giacomo | Di Giacomo, Salvatore  | 2296710 | 1900 | italiano |  https://www.liberliber.it/online/autori/autori-d/salvatore-di-giacomo/
Alessio Di Giovanni | Di Giovanni, Alessio  | 489332 | 1800 | italiano |  https://www.liberliber.it/online/autori/autori-d/alessio-di-giovanni/
Giovanni Battista Donati | Donati, Giovanni Battista  | 23692 | 1800 | italiano |  https://www.liberliber.it/online/autori/autori-d/giovanni-battista-donati/
Federico Donaver | Donaver, Federico  | 1984669 | 1800 | italiano |  https://www.liberliber.it/online/autori/autori-d/federico-donaver/
Gaetano Donizetti | Donizetti, Gaetano  | 2052 | 1800 | italiano |  https://www.liberliber.it/online/autori/autori-d/gaetano-donizetti/
Paola Drigo | Drigo, Paola  | 483106 | 1900 | italiana |  https://www.liberliber.it/online/autori/autori-d/paola-drigo/
Pericle Ducati | Ducati, Pericle  | 489099 | 1900 | italiano |  https://www.liberliber.it/online/autori/autori-d/pericle-ducati/
Gian Dàuli | Dàuli, Gian  | 3961315 | 2000 | italiano |  https://www.liberliber.it/online/autori/autori-d/gian-dauli/
Augusto Elia | Elia, Augusto  | 705815 | 1800 | italiano |  https://www.liberliber.it/online/autori/autori-e/augusto-elia/
Pio Emanuelli | Emanuelli, Pio  | 2577577 | 1900 | italiano |  https://www.liberliber.it/online/autori/autori-e/pio-emanuelli/
Federigo Enriques | Enriques, Federigo  | 23698 | 1900 | italiano |  https://www.liberliber.it/online/autori/autori-e/federigo-enriques/
Luigi Fabbri | Fabbri, Luigi  | 1873492 | 1900 | italiano |  https://www.liberliber.it/online/autori/autori-f/luigi-fabbri/
Giovanni Faldella | Faldella, Giovanni  | 2005039 | 1800 | italiano |  https://www.liberliber.it/online/autori/autori-f/giovanni-faldella/
Pietro Fanfani | Fanfani, Pietro  | 1430925 | 1800 | italiano |  https://www.liberliber.it/online/autori/autori-f/pietro-fanfani/
Horst Fantazzini | Fantazzini, Horst  | 3065729 | 1900 | italiano |  https://www.liberliber.it/online/autori/autori-f/horst-fantazzini/
Salvatore Farina | Farina, Salvatore  | 1332414 | 1800 | italiano |  https://www.liberliber.it/online/autori/autori-f/salvatore-farina/
Antonio Favaro | Favaro, Antonio  | 23712 | 1800 | italiano |  https://www.liberliber.it/online/autori/autori-f/antonio-favaro/
Carlotta Ferrari | Ferrari, Carlotta  | 2693396 | 1800 | italiana |  https://www.liberliber.it/online/autori/autori-f/carlotta-ferrari/
Severino Ferrari | Ferrari, Severino  | 2212340 | 1800 | italiano |  https://www.liberliber.it/online/autori/autori-f/severino-ferrari/
Guglielmo Ferrero | Ferrero, Guglielmo  | 742361 | 1800 | italiano |  https://www.liberliber.it/online/autori/autori-f/guglielmo-ferrero/
Jacopo Ferretti | Ferretti, Jacopo  | 1328129 | 1800 | italiano |  https://www.liberliber.it/online/autori/autori-f/jacopo-ferretti/
Dina Ferri | Ferri, Dina  | 1606226 | 1900 | italiana |  https://www.liberliber.it/online/autori/autori-f/dina-ferri/
Bruno Filippi | Filippi, Bruno  | 2688748 | 1900 | italiano |  https://www.liberliber.it/online/autori/autori-f/bruno-filippi/
Walter Fillak | Fillak, Walter  | 543033 | 1900 | italiano |  https://www.liberliber.it/online/autori/autori-f/walter-fillak/
Giuliana Fiorentino | Fiorentino, Giuliana  | 4797355 | 2000 | italiana |  https://www.liberliber.it/online/autori/autori-f/giuliana-fiorentino/
Vittorio Fiorini | Fiorini, Vittorio  | 1925489 | 1800 | italiano |  https://www.liberliber.it/online/autori/autori-f/vittorio-fiorini/
Antonio Fogazzaro | Fogazzaro, Antonio  | 336 | 1800 | italiano |  https://www.liberliber.it/online/autori/autori-f/antonio-fogazzaro/
Ferdinando Fontana | Fontana, Ferdinando  | 343245 | 1800 | italiano |  https://www.liberliber.it/online/autori/autori-f/ferdinando-fontana/
Umberto Fracchia | Fracchia, Umberto  | 1479030 | 1900 | italiano |  https://www.liberliber.it/online/autori/autori-f/umberto-fracchia/
Leopoldo Franchetti | Franchetti, Leopoldo  | 605946 | 1800 | italiano |  https://www.liberliber.it/online/autori/autori-f/leopoldo-franchetti/
Giuseppe Gabrieli | Gabrieli, Giuseppe  | 3288677 | 1800 | italiano |  https://www.liberliber.it/online/autori/autori-g/giuseppe-gabrieli/
Giacinto Gallina | Gallina, Giacinto  | 2087640 | 1800 | italiano |  https://www.liberliber.it/online/autori/autori-g/giacinto-gallina/
Antonio Gamberi | Gamberi, Antonio  | 1290274 | 1800 | italiano |  https://www.liberliber.it/online/autori/autori-g/antonio-gamberi/
Giovanni Gentile | Gentile, Giovanni  | 76824 | 1900 | italiano |  https://www.liberliber.it/online/autori/autori-g/giovanni-gentile/
Antonio Ghislanzoni | Ghislanzoni, Antonio  | 477196 | 1800 | italiano |  https://www.liberliber.it/online/autori/autori-g/antonio-ghislanzoni/
Arcangelo Ghisleri | Ghisleri, Arcangelo  | 99292 | 1800 | italiano |  https://www.liberliber.it/online/autori/autori-g/arcangelo-ghisleri/
Paolo Giacometti | Giacometti, Paolo  | 23962 | 1800 | italiano |  https://www.liberliber.it/online/autori/autori-g/paolo-giacometti/
Giuseppe Giacosa | Giacosa, Giuseppe  | 56747 | 1900 | italiano |  https://www.liberliber.it/online/autori/autori-g/giuseppe-giacosa/
Giulio Gianelli | Gianelli, Giulio  | 5590667 | 1900 | italiano |  https://www.liberliber.it/online/autori/autori-g/giulio-gianelli/
Pietro Gibellini | Gibellini, Pietro  | 4146869 | 1900 | italiano |  https://www.liberliber.it/online/autori/autori-g/pietro-gibellini/
Enrico Giglioli | Giglioli, Enrico  | 3063564 | 1800 | italiano |  https://www.liberliber.it/online/autori/autori-g/enrico-giglioli/
Leone Ginzburg | Ginzburg, Leone  | 475851 | 1900 | italiano |  https://www.liberliber.it/online/autori/autori-g/leone-ginzburg/
Vincenzo Gioberti | Gioberti, Vincenzo  | 114594 | 1800 | italiano |  https://www.liberliber.it/online/autori/autori-g/vincenzo-gioberti/
Giovanni Giolitti | Giolitti, Giovanni  | 710762 | 1800 | italiano |  https://www.liberliber.it/online/autori/autori-g/giovanni-giolitti/
Arturo Giovannitti | Giovannitti, Arturo  | 248891 | 1900 | italiano |  https://www.liberliber.it/online/autori/autori-g/arturo-giovannitti/
Giovanni Giraud | Giraud, Giovanni  | 1328156 | 1800 | italiano |  https://www.liberliber.it/online/autori/autori-g/giovanni-giraud/
Edoardo Giretti | Giretti, Edoardo  | 666444 | 1800 | italiano |  https://www.liberliber.it/online/autori/autori-g/edoardo-giretti/
Giuseppe Giusti | Giusti, Giuseppe  | 226755 | 1800 | italiano |  https://www.liberliber.it/online/autori/autori-g/giuseppe-giusti/
Piero Gobetti | Gobetti, Piero  | 56868 | 1900 | italiano |  https://www.liberliber.it/online/autori/autori-g/piero-gobetti/
Pietro Gori | Gori, Pietro  | 88759 | 1800 | italiano |  https://www.liberliber.it/online/autori/autori-g/pietro-gori/
Guido Gozzano | Gozzano, Guido  | 279367 | 1900 | italiano |  https://www.liberliber.it/online/autori/autori-g/guido-gozzano/
Arturo Graf | Graf, Arturo  | 652869 | 1800 | italiano |  https://www.liberliber.it/online/autori/autori-g/arturo-graf/
Luigi Grande | Grande, Luigi  | 1610396 | 1900 | italiano |  https://www.liberliber.it/online/autori/autori-g/luigi-grande/
Achille Grandi | Grandi, Achille  | 639003 | 1900 | italiano |  https://www.liberliber.it/online/autori/autori-g/achille-grandi/
Francesco Grasso | Grasso, Francesco  | 1939743 | 1900 | italiano |  https://www.liberliber.it/online/autori/autori-g/francesco-grasso/
Augusto Graziani | Graziani, Augusto  | 4001059 | 1900 | italiano |  https://www.liberliber.it/online/autori/autori-g/augusto-graziani/
Giulio Grimaldi | Grimaldi, Giulio  | 4326558 | 1900 | italiano |  https://www.liberliber.it/online/autori/autori-g/giulio-grimaldi/
Tommaso Grossi | Grossi, Tommaso  | 103982 | 1800 | italiano |  https://www.liberliber.it/online/autori/autori-g/tommaso-grossi/
Antonio Guadagnoli | Guadagnoli, Antonio  | 2142151 | 1800 | italiano |  https://www.liberliber.it/online/autori/autori-g/antonio-guadagnoli/
Luigi Gualdo | Gualdo, Luigi  | 2005031 | 1800 | italiano |  https://www.liberliber.it/online/autori/autori-g/luigi-gualdo/
Icilio Guareschi | Guareschi, Icilio  | 1595890 | 1800 | italiano |  https://www.liberliber.it/online/autori/autori-g/icilio-guareschi/
Francesco Domenico Guerrazzi | Guerrazzi, Francesco Domenico  | 404647 | 1800 | italiano |  https://www.liberliber.it/online/autori/autori-g/francesco-domenico-guerrazzi/
Amalia Guglielminetti | Guglielminetti, Amalia  | 1295582 | 1900 | italiana |  https://www.liberliber.it/online/autori/autori-g/amalia-guglielminetti/
Alberto Guglielmotti | Guglielmotti, Alberto  | 2725073 | 1800 | italiano |  https://www.liberliber.it/online/autori/autori-g/alberto-guglielmotti/
Michelangelo Guidi | Guidi, Michelangelo  | 2979913 | 1900 | italiano |  https://www.liberliber.it/online/autori/autori-g/michelangelo-guidi/
Carlo Iberti | Iberti, Carlo  | 4464650 | 1800 | italiano |  https://www.liberliber.it/online/autori/autori-i/carlo-iberti/
Vittorio Imbriani | Imbriani, Vittorio  | 70495 | 1800 | italiano |  https://www.liberliber.it/online/autori/autori-i/vittorio-imbriani/
Carolina Invernizio | Invernizio, Carolina  | 9518 | 1800 | italiana |  https://www.liberliber.it/online/autori/autori-i/carolina-invernizio/
Arturo Issel | Issel, Arturo  | 1962292 | 1800 | italiano |  https://www.liberliber.it/online/autori/autori-i/arturo-issel/
Lina Arianna Jenna | Jenna, Lina Arianna  | 2319157 | 1900 | italiana |  https://www.liberliber.it/online/autori/autori-j/lina-arianna-jenna/
Antonio Labriola | Labriola, Antonio  | 312251 | 1800 | italiano |  https://www.liberliber.it/online/autori/autori-l/antonio-labriola/
Ruggero Leoncavallo | Leoncavallo, Ruggero  | 305994 | 1800 | italiano |  https://www.liberliber.it/online/autori/autori-l/ruggero-leoncavallo/
Giacomo Leopardi | Leopardi, Giacomo  | 2320384 | 1800 | italiano |  https://www.liberliber.it/online/autori/autori-l/giacomo-leopardi/
Michele Lessona | Lessona, Michele  | 1701982 | 1800 | italiano |  https://www.liberliber.it/online/autori/autori-l/michele-lessona/
David Levi | Levi, David  | 2671051 | 1800 | italiano |  https://www.liberliber.it/online/autori/autori-l/david-levi/
Jacopo Lombardini | Lombardini, Jacopo  | 4327836 | 1900 | italiano |  https://www.liberliber.it/online/autori/autori-l/jacopo-lombardini/
Cesare Lombroso | Lombroso, Cesare  | 31975 | 1800 | italiano |  https://www.liberliber.it/online/autori/autori-l/cesare-lombroso/
Gina Lombroso | Lombroso, Gina  | 2702978 | 1800 | italiana |  https://www.liberliber.it/online/autori/autori-l/gina-lombroso/
Luigi Lucatelli | Lucatelli, Luigi  | 1919547 | 1900 | italiano |  https://www.liberliber.it/online/autori/autori-l/luigi-lucatelli/
Gian Pietro Lucini | Lucini, Gian Pietro  | 55728 | 1900 | italiano |  https://www.liberliber.it/online/autori/autori-l/gian-pietro-lucini/
Alessandro Luzio | Luzio, Alessandro  | 1461702 | 1800 | italiano |  https://www.liberliber.it/online/autori/autori-l/alessandro-luzio/
Costantino Maes | Maes, Costantino  | 4011581 | 1800 | italiano |  https://www.liberliber.it/online/autori/autori-m/costantino-maes/
Vittorio Malpassuti | Malpassuti, Vittorio  | 1302014 | 1900 | italiano |  https://www.liberliber.it/online/autori/autori-m/vittorio-malpassuti/
Goffredo Mameli | Mameli, Goffredo  | 77000 | 1800 | italiano |  https://www.liberliber.it/online/autori/autori-m/goffredo-mameli/
Giuseppe Manno | Manno, Giuseppe  | 1565437 | 1800 | italiano |  https://www.liberliber.it/online/autori/autori-m/giuseppe-manno/
Paolo Mantegazza | Mantegazza, Paolo  | 125964 | 1800 | italiano |  https://www.liberliber.it/online/autori/autori-m/paolo-mantegazza/
Guglielmo Marconi | Marconi, Guglielmo  | 2691964 | 1900 | italiano |  https://www.liberliber.it/online/autori/autori-m/guglielmo-marconi/
Filippo Tommaso Marinetti | Marinetti, Filippo Tommaso  | 720124 | 1900 | italiano |  https://www.liberliber.it/online/autori/autori-m/filippo-tommaso-marinetti/
Alberto Mario | Mario, Alberto  | 855837 | 1800 | italiano |  https://www.liberliber.it/online/autori/autori-m/alberto-mario/
Ferdinando Martini | Martini, Ferdinando  | 761453 | 1800 | italiano |  https://www.liberliber.it/online/autori/autori-m/ferdinando-martini/
Giuseppe Martini | Martini, Giuseppe  | 1859530 | 1900 | italiano |  https://www.liberliber.it/online/autori/autori-m/giuseppe-martini/
Nino Martoglio | Martoglio, Nino  | 109532 | 1900 | italiano |  https://www.liberliber.it/online/autori/autori-m/nino-martoglio/
Giuseppe Martucci | Martucci, Giuseppe  | 100810 | 1800 | italiano |  https://www.liberliber.it/online/autori/autori-m/giuseppe-martucci/
Filippo Masci | Masci, Filippo  | 2711366 | 1800 | italiano |  https://www.liberliber.it/online/autori/autori-m/filippo-masci/
Ernesto Masi | Masi, Ernesto  | 4520815 | 1800 | italiano |  https://www.liberliber.it/online/autori/autori-m/ernesto-masi/
Tullo Massarani | Massarani, Tullo  | 1697474 | 1800 | italiano |  https://www.liberliber.it/online/autori/autori-m/tullo-massarani/
Francesco Mastriani | Mastriani, Francesco  | 662158 | 1800 | italiano |  https://www.liberliber.it/online/autori/autori-m/francesco-mastriani/
Carlo Matteucci | Matteucci, Carlo  | 18959 | 1800 | italiano |  https://www.liberliber.it/online/autori/autori-m/carlo-matteucci/
Giuseppe Mazzini | Mazzini, Giuseppe  | 2757211 | 1800 | italiano |  https://www.liberliber.it/online/autori/autori-m/giuseppe-mazzini/
Maria Messina | Messina, Maria  | 2265348 | 2000 | italiana |  https://www.liberliber.it/online/autori/autori-m/maria-messina/
Carlo Michelstaedter | Michelstaedter, Carlo  | 94191 | 1900 | italiano |  https://www.liberliber.it/online/autori/autori-m/carlo-michelstaedter/
Lorenzo Milani | Milani, Lorenzo  | 98200 | 1900 | italiano |  https://www.liberliber.it/online/autori/autori-m/lorenzo-milani/
Ugo Mioni | Mioni, Ugo  | 3031856 | 1800 | italiano |  https://www.liberliber.it/online/autori/autori-m/ugo-mioni/
Luigi Molinari | Molinari, Luigi  | 6586474 | 1800 | italiano |  https://www.liberliber.it/online/autori/autori-m/luigi-molinari/
Ernesto Teodoro Moneta | Moneta, Ernesto Teodoro  | 35262 | 1800 | italiano |  https://www.liberliber.it/online/autori/autori-m/ernesto-teodoro-moneta/
Massimo Mongai | Mongai, Massimo  | 275468 | 2000 | italiano |  https://www.liberliber.it/online/autori/autori-m/massimo-mongai/
Tomaso Monicelli | Monicelli, Tomaso  | 779654 | 1900 | italiano |  https://www.liberliber.it/online/autori/autori-m/tomaso-monicelli/
Luigi Morandi | Morandi, Luigi  | 1678442 | 1800 | italiano |  https://www.liberliber.it/online/autori/autori-m/luigi-morandi/
Mario Morasso | Morasso, Mario  | 3998811 | 1900 | italiano |  https://www.liberliber.it/online/autori/autori-m/mario-morasso/
Mattia Moresco | Moresco, Mattia  | 5171191 | 1800 | italiano |  https://www.liberliber.it/online/autori/autori-m/mattia-moresco/
Ercole Luigi Morselli | Morselli, Ercole Luigi  | 2071785 | 2000 | italiano |  https://www.liberliber.it/online/autori/autori-m/ercole-luigi-morselli/
Gaetano Mosca | Mosca, Gaetano  | 330751 | 1800 | italiano |  https://www.liberliber.it/online/autori/autori-m/gaetano-mosca/
Nicola Moscardelli | Moscardelli, Nicola  | 4619860 | 1900 | italiano |  https://www.liberliber.it/online/autori/autori-m/nicola-moscardelli/
Angelo Mosso | Mosso, Angelo  | 1541357 | 1800 | italiano |  https://www.liberliber.it/online/autori/autori-m/angelo-mosso/
Anna Maria Mozzoni | Mozzoni, Anna Maria  | 795058 | 1800 | italiana |  https://www.liberliber.it/online/autori/autori-m/anna-maria-mozzoni/
Giovanni Mulè Bertòlo | Mulè Bertòlo, Giovanni  | 4532137 | 1800 | italiano |  https://www.liberliber.it/online/autori/autori-m/giovanni-mule-bertolo/
Romolo Murri | Murri, Romolo  | 599501 | 1800 | italiano |  https://www.liberliber.it/online/autori/autori-m/romolo-murri/
Ada Negri | Negri, Ada  | 310876 | 1900 | italiana |  https://www.liberliber.it/online/autori/autori-n/ada-negri/
Gaetano Negri | Negri, Gaetano  | 113969 | 1800 | italiano |  https://www.liberliber.it/online/autori/autori-n/gaetano-negri/
Enrico Nencioni | Nencioni, Enrico  | 4032094 | 1800 | italiano |  https://www.liberliber.it/online/autori/autori-n/enrico-nencioni/
Gherardo Nerucci | Nerucci, Gherardo  | 70501 | 1800 | italiano |  https://www.liberliber.it/online/autori/autori-n/gherardo-nerucci/
Giovanni Battista Niccolini | Niccolini, Giovanni Battista  | 1439324 | 1800 | italiano |  https://www.liberliber.it/online/autori/autori-n/giovanni-battista-niccolini/
Idelfonso Nieri | Nieri, Idelfonso  | 2212344 | 1800 | italiano |  https://www.liberliber.it/online/autori/autori-n/idelfonso-nieri/
Ippolito Nievo | Nievo, Ippolito  | 96260 | 1800 | italiano |  https://www.liberliber.it/online/autori/autori-n/ippolito-nievo/
Guido Nobili | Nobili, Guido  | 6253796 | 1800 | italiano |  https://www.liberliber.it/online/autori/autori-n/guido-nobili/
Alberto Nota | Nota, Alberto  | 2115104 | 1800 | italiano |  https://www.liberliber.it/online/autori/autori-n/alberto-nota/
Angiolo Silvio Novaro | Novaro, Angiolo Silvio  | 708902 | 1800 | italiano |  https://www.liberliber.it/online/autori/autori-n/angiolo-silvio-novaro/
Mario Novaro | Novaro, Mario  | 1744310 | 1900 | italiano |  https://www.liberliber.it/online/autori/autori-n/mario-novaro/
Ugo Ojetti | Ojetti, Ugo  | 15256 | 1900 | italiano |  https://www.liberliber.it/online/autori/autori-o/ugo-ojetti/
Adolfo Omodeo | Omodeo, Adolfo  | 256601 | 1900 | italiano |  https://www.liberliber.it/online/autori/autori-o/adolfo-omodeo/
Francesco Orestano | Orestano, Francesco  | 115324 | 1900 | italiano |  https://www.liberliber.it/online/autori/autori-o/francesco-orestano/
Alfredo Oriani | Oriani, Alfredo  | 754908 | 1800 | italiano |  https://www.liberliber.it/online/autori/autori-o/alfredo-oriani/
Felice Orsini | Orsini, Felice  | 147154 | 1800 | italiano |  https://www.liberliber.it/online/autori/autori-o/felice-orsini/
Vincenzo Padula | Padula, Vincenzo  | 841777 | 1800 | italiano |  https://www.liberliber.it/online/autori/autori-p/vincenzo-padula/
Niccolò Paganini | Paganini, Niccolò  | 2641597 | 1800 | italiano |  https://www.liberliber.it/online/autori/autori-p/niccolo-paganini/
Piersandro Pallavicini | Pallavicini, Piersandro  | 2254975 | 2000 | italiano |  https://www.liberliber.it/online/autori/autori-p/piersandro-pallavicini/
Enrico Panzacchi | Panzacchi, Enrico  | 1647050 | 1800 | italiano |  https://www.liberliber.it/online/autori/autori-p/enrico-panzacchi/
Alfredo Panzini | Panzini, Alfredo  | 584154 | 1900 | italiano |  https://www.liberliber.it/online/autori/autori-p/alfredo-panzini/
Ferdinando Paolieri | Paolieri, Ferdinando  | 1814058 | 1900 | italiano |  https://www.liberliber.it/online/autori/autori-p/ferdinando-paolieri/
Cesare Pascarella | Pascarella, Cesare  | 2562408 | 1800 | italiano |  https://www.liberliber.it/online/autori/autori-p/cesare-pascarella/
Giovanni Pascoli | Pascoli, Giovanni  | 2204528 | 1800 | italiano |  https://www.liberliber.it/online/autori/autori-p/giovanni-pascoli/
Silvio Pellico | Pellico, Silvio  | 91170 | 1800 | italiano |  https://www.liberliber.it/online/autori/autori-p/silvio-pellico/
Caterina Percoto | Percoto, Caterina  | 289506 | 1800 | italiana |  https://www.liberliber.it/online/autori/autori-p/caterina-percoto/
Emma Perodi | Perodi, Emma  | 73375 | 1800 | italiana |  https://www.liberliber.it/online/autori/autori-p/emma-perodi/
Giorgio Petrocchi | Petrocchi, Giorgio  | 1726318 | 1900 | italiano |  https://www.liberliber.it/online/autori/autori-p/giorgio-petrocchi/
Ferdinando Petruccelli della Gattina | Petruccelli della Gattina, Ferdinando  | 1706780 | 1800 | italiano |  https://www.liberliber.it/online/autori/autori-p/ferdinando-petruccelli-della-gattina/
Francesco Maria Piave | Piave, Francesco Maria  | 510629 | 1800 | italiano |  https://www.liberliber.it/online/autori/autori-p/francesco-maria-piave/
Bruno Piazza | Piazza, Bruno  | 4577895 | 1900 | italiano |  https://www.liberliber.it/online/autori/autori-p/bruno-piazza/
Giaime Pintor | Pintor, Giaime  | 137119 | 1900 | italiano |  https://www.liberliber.it/online/autori/autori-p/giaime-pintor/
Gabrio Piola | Piola, Gabrio  | 616740 | 1800 | italiano |  https://www.liberliber.it/online/autori/autori-p/gabrio-piola/
Luigi Pirandello | Pirandello, Luigi  | 2013960 | 1800 | italiano |  https://www.liberliber.it/online/autori/autori-p/luigi-pirandello/
Giuseppe Pitrè | Pitrè, Giuseppe  | 109533 | 1800 | italiano |  https://www.liberliber.it/online/autori/autori-p/giuseppe-pitre/
Gino Piva | Piva, Gino  | 579313 | 1900 | italiano |  https://www.liberliber.it/online/autori/autori-p/gino-piva/
Giggi Pizzirani | Pizzirani, Giggi  | 3738179 | 1800 | italiano |  https://www.liberliber.it/online/autori/autori-p/giggi-pizzirani/
Guido Pompilj | Pompilj, Guido  | 186874 | 1800 | italiano |  https://www.liberliber.it/online/autori/autori-p/guido-pompilj/
Amilcare Ponchielli | Ponchielli, Amilcare  | 52261 | 1800 | italiano |  https://www.liberliber.it/online/autori/autori-p/amilcare-ponchielli/
Carlo Porta | Porta, Carlo  | 97908 | 1800 | italiano |  https://www.liberliber.it/online/autori/autori-p/carlo-porta/
Antonia Pozzi | Pozzi, Antonia  | 161593 | 1900 | italiana |  https://www.liberliber.it/online/autori/autori-p/antonia-pozzi/
Ernesto Pozzi | Pozzi, Ernesto  | 1286652 | 1800 | italiano |  https://www.liberliber.it/online/autori/autori-p/ernesto-pozzi/
Emilio Praga | Praga, Emilio  | 238346 | 1800 | italiano |  https://www.liberliber.it/online/autori/autori-p/emilio-praga/
Marco Praga | Praga, Marco  | 727987 | 1800 | italiano |  https://www.liberliber.it/online/autori/autori-p/marco-praga/
Giovanni Prati | Prati, Giovanni  | 44014 | 1800 | italiano |  https://www.liberliber.it/online/autori/autori-p/giovanni-prati/
Gaetano Previati | Previati, Gaetano  | 89268 | 1800 | italiano |  https://www.liberliber.it/online/autori/autori-p/gaetano-previati/
Giacomo Puccini | Puccini, Giacomo  | 41160 | 1800 | italiano |  https://www.liberliber.it/online/autori/autori-p/giacomo-puccini/
Ernesto Ragazzoni | Ragazzoni, Ernesto  | 1466344 | 1800 | italiano |  https://www.liberliber.it/online/autori/autori-r/ernesto-ragazzoni/
Giovanni Rajberti | Rajberti, Giovanni  | 3703795 | 1800 | italiano |  https://www.liberliber.it/online/autori/autori-r/giovanni-rajberti/
Pio Rajna | Rajna, Pio  | 1746715 | 1800 | italiano |  https://www.liberliber.it/online/autori/autori-r/pio-rajna/
Antonio Ranieri | Ranieri, Antonio  | 1192063 | 1800 | italiano |  https://www.liberliber.it/online/autori/autori-r/antonio-ranieri/
Ciro Ravenna | Ravenna, Ciro  | 5849828 | 1900 | italiano |  https://www.liberliber.it/online/autori/autori-r/ciro-ravenna/
Arturo Reghini | Reghini, Arturo  | 328147 | 1900 | italiano |  https://www.liberliber.it/online/autori/autori-r/arturo-reghini/
Giuseppe Rensi | Rensi, Giuseppe  | 40983 | 1900 | italiano |  https://www.liberliber.it/online/autori/autori-r/giuseppe-rensi/
Ottorino Respighi | Respighi, Ottorino  | 426154 | 1800 | italiano |  https://www.liberliber.it/online/autori/autori-r/ottorino-respighi/
Umberto Ricci | Ricci, Umberto  | 253874 | 1900 | italiano |  https://www.liberliber.it/online/autori/autori-r/umberto-ricci/
Ceccardo Roccatagliata Ceccardi | Roccatagliata Ceccardi, Ceccardo  | 599513 | 1900 | italiano |  https://www.liberliber.it/online/autori/autori-r/ceccardo-roccatagliata-ceccardi/
Egisto Roggero | Roggero, Egisto  | 4385685 | 1800 | italiano |  https://www.liberliber.it/online/autori/autori-r/egisto-roggero/
Augusto Romagnoli | Romagnoli, Augusto  | 3853976 | 1900 | italiano |  https://www.liberliber.it/online/autori/autori-r/augusto-romagnoli/
Ettore Romagnoli | Romagnoli, Ettore  | 1707572 | 1900 | italiano |  https://www.liberliber.it/online/autori/autori-r/ettore-romagnoli/
Felice Romani | Romani, Felice  | 2397754 | 1800 | italiano |  https://www.liberliber.it/online/autori/autori-r/felice-romani/
Carlo Romussi | Romussi, Carlo  | 4150984 | 1800 | italiano |  https://www.liberliber.it/online/autori/autori-r/carlo-romussi/
Giovanna Rosa | Rosa, Giovanna  | 4455300 | 1900 | italiana |  https://www.liberliber.it/online/autori/autori-r/giovanna-rosa/
Giovanni Rosadi | Rosadi, Giovanni  | 3971163 | 1900 | italiano |  https://www.liberliber.it/online/autori/autori-r/giovanni-rosadi/
Giuseppe Rose | Rose, Giuseppe  | 2971155 | 1900 | italiano |  https://www.liberliber.it/online/autori/autori-r/giuseppe-rose/
Michele Rosi | Rosi, Michele  | 6908835 | 1800 | italiano |  https://www.liberliber.it/online/autori/autori-r/michele-rosi/
Nello Rosselli | Rosselli, Nello  | 1632069 | 1900 | italiano |  https://www.liberliber.it/online/autori/autori-r/nello-rosselli/
Adolfo Rossi | Rossi, Adolfo  | 1490316 | 1800 | italiano |  https://www.liberliber.it/online/autori/autori-r/adolfo-rossi/
Gioachino Rossini | Rossini, Gioachino  | 2165 | 1800 | italiano |  https://www.liberliber.it/online/autori/autori-r/gioachino-rossini/
Giuseppe Rovani | Rovani, Giuseppe  | 21701 | 1800 | italiano |  https://www.liberliber.it/online/autori/autori-r/giuseppe-rovani/
Gerolamo Rovetta | Rovetta, Gerolamo  | 783422 | 1800 | italiano |  https://www.liberliber.it/online/autori/autori-r/gerolamo-rovetta/
Francesco Ruffini | Ruffini, Francesco  | 1068383 | 1900 | italiano |  https://www.liberliber.it/online/autori/autori-r/francesco-ruffini/
Luigi Russolo | Russolo, Luigi  | 69019 | 1900 | italiano |  https://www.liberliber.it/online/autori/autori-r/luigi-russolo/
Roberto Sacchetti | Sacchetti, Roberto  | 1211041 | 1800 | italiano |  https://www.liberliber.it/online/autori/autori-s/roberto-sacchetti/
Defendente Sacchi | Sacchi, Defendente  | 1343263 | 1800 | italiano |  https://www.liberliber.it/online/autori/autori-s/defendente-sacchi/
Calogero Angelo Sacheli | Sacheli, Calogero Angelo  | 678856 | 1900 | italiano |  https://www.liberliber.it/online/autori/autori-s/calogero-angelo-sacheli/
Aurelio Saffi | Saffi, Aurelio  | 94755 | 1800 | italiano |  https://www.liberliber.it/online/autori/autori-s/aurelio-saffi/
Carmelo Salanitro | Salanitro, Carmelo  | 719803 | 1900 | italiano |  https://www.liberliber.it/online/autori/autori-s/carmelo-salanitro/
Emilio Salgari | Salgari, Emilio  | 1701 | 1800 | italiano |  https://www.liberliber.it/online/autori/autori-s/emilio-salgari/
Diodata Saluzzo Roero | Saluzzo Roero, Diodata  | 2258909 | 1800 | italiana |  https://www.liberliber.it/online/autori/autori-s/diodata-saluzzo-roero/
Sebastiano Satta | Satta, Sebastiano  | 1398618 | 1800 | italiano |  https://www.liberliber.it/online/autori/autori-s/sebastiano-satta/
Nino Savarese | Savarese, Nino  | 625606 | 1900 | italiano |  https://www.liberliber.it/online/autori/autori-s/nino-savarese/
Edoardo Scarfoglio | Scarfoglio, Edoardo  | 323479 | 1800 | italiano |  https://www.liberliber.it/online/autori/autori-s/edoardo-scarfoglio/
Eduardo Scarpetta | Scarpetta, Eduardo  | 117405 | 1800 | italiano |  https://www.liberliber.it/online/autori/autori-s/eduardo-scarpetta/
Matilde Serao | Serao, Matilde  | 323473 | 1900 | italiana |  https://www.liberliber.it/online/autori/autori-s/matilde-serao/
Augusto Serena | Serena, Augusto  | 4089828 | 1800 | italiano |  https://www.liberliber.it/online/autori/autori-s/augusto-serena/
Renato Serra | Serra, Renato  | 1309303 | 1900 | italiano |  https://www.liberliber.it/online/autori/autori-s/renato-serra/
Luigi Settembrini | Settembrini, Luigi  | 196663 | 1800 | italiano |  https://www.liberliber.it/online/autori/autori-s/luigi-settembrini/
Luigi Siciliani | Siciliani, Luigi  | 793107 | 1900 | italiano |  https://www.liberliber.it/online/autori/autori-s/luigi-siciliani/
Scipio Slataper | Slataper, Scipio  | 130743 | 1800 | italiano |  https://www.liberliber.it/online/autori/autori-s/scipio-slataper/
Ettore Socci | Socci, Ettore  | 4049572 | 1800 | italiano |  https://www.liberliber.it/online/autori/autori-s/ettore-socci/
Temistocle Solera | Solera, Temistocle  | 510732 | 1800 | italiano |  https://www.liberliber.it/online/autori/autori-s/temistocle-solera/
Arrigo Solmi | Solmi, Arrigo  | 1724239 | 1900 | italiano |  https://www.liberliber.it/online/autori/autori-s/arrigo-solmi/
Sidney Sonnino | Sonnino, Sidney  | 47326 | 1800 | italiano |  https://www.liberliber.it/online/autori/autori-s/sidney-sonnino/
Albano Sorbelli | Sorbelli, Albano  | 2306975 | 1900 | italiano |  https://www.liberliber.it/online/autori/autori-s/albano-sorbelli/
Bertrando Spaventa | Spaventa, Bertrando  | 395804 | 1800 | italiano |  https://www.liberliber.it/online/autori/autori-s/bertrando-spaventa/
Silvio Spaventa Filippi | Spaventa Filippi, Silvio  | 841945 | 1800 | italiano |  https://www.liberliber.it/online/autori/autori-s/silvio-spaventa-filippi/
Vittorio Spinazzola | Spinazzola, Vittorio  | 4806895 | 1800 | italiano |  https://www.liberliber.it/online/autori/autori-s/vittorio-spinazzola/
Gaspare Spontini | Spontini, Gaspare  | 569462 | 1800 | italiano |  https://www.liberliber.it/online/autori/autori-s/gaspare-spontini/
Flavia Steno | Steno, Flavia  | 222312 | 1900 | italiana |  https://www.liberliber.it/online/autori/autori-s/flavia-steno/
Felice Supino | Supino, Felice  | 5491527 | 1800 | italiano |  https://www.liberliber.it/online/autori/autori-s/felice-supino/
Paride Suzzara Verdi | Suzzara Verdi, Paride  | 3362576 | 1800 | italiano |  https://www.liberliber.it/online/autori/autori-s/paride-suzzara-verdi/
Clarice Tartufari | Tartufari, Clarice  | 2405738 | 1800 | italiana |  https://www.liberliber.it/online/autori/autori-t/clarice-tartufari/
Giuseppe Tassini | Tassini, Giuseppe  | 2555361 | 1800 | italiano |  https://www.liberliber.it/online/autori/autori-t/giuseppe-tassini/
Domenico Tempio | Tempio, Domenico  | 1696046 | 1800 | italiano |  https://www.liberliber.it/online/autori/autori-t/domenico-tempio/
Carlo Tenca | Tenca, Carlo  | 1486425 | 1800 | italiano |  https://www.liberliber.it/online/autori/autori-t/carlo-tenca/
Delio Tessa | Tessa, Delio  | 507542 | 1900 | italiano |  https://www.liberliber.it/online/autori/autori-t/delio-tessa/
Alfredo Testoni | Testoni, Alfredo  | 91271 | 1800 | italiano |  https://www.liberliber.it/online/autori/autori-t/alfredo-testoni/
Pietro Thouar | Thouar, Pietro  | 1703667 | 1800 | italiano |  https://www.liberliber.it/online/autori/autori-t/pietro-thouar/
Enrico Thovez | Thovez, Enrico  | 205752 | 1800 | italiano |  https://www.liberliber.it/online/autori/autori-t/enrico-thovez/
Giuseppe Tigri | Tigri, Giuseppe  | 71318 | 1800 | italiano |  https://www.liberliber.it/online/autori/autori-t/giuseppe-tigri/
Niccolò Tommaseo | Tommaseo, Niccolò  | 476749 | 1800 | italiano |  https://www.liberliber.it/online/autori/autori-t/niccolo-tommaseo/
Achille Torelli | Torelli, Achille  | 1357906 | 1800 | italiano |  https://www.liberliber.it/online/autori/autori-t/achille-torelli/
Luigi Torelli | Torelli, Luigi  | 760914 | 1800 | italiano |  https://www.liberliber.it/online/autori/autori-t/luigi-torelli/
Francesco Paolo Tosti | Tosti, Francesco Paolo  | 477505 | 1800 | italiano |  https://www.liberliber.it/online/autori/autori-t/francesco-paolo-tosti/
Luigi Tosti | Tosti, Luigi  | 2018810 | 1800 | italiano |  https://www.liberliber.it/online/autori/autori-t/luigi-tosti/
Federigo Tozzi | Tozzi, Federigo  | 719491 | 1900 | italiano |  https://www.liberliber.it/online/autori/autori-t/federigo-tozzi/
Silvio Trentin | Trentin, Silvio  | 403398 | 1900 | italiano |  https://www.liberliber.it/online/autori/autori-t/silvio-trentin/
Carlo Tresca | Tresca, Carlo  | 823300 | 1800 | italiano |  https://www.liberliber.it/online/autori/autori-t/carlo-tresca/
Domenico Tumiati | Tumiati, Domenico  | 3066305 | 1900 | italiano |  https://www.liberliber.it/online/autori/autori-t/domenico-tumiati/
Primo Uccellini | Uccellini, Primo  | 3278577 | 1800 | italiano |  https://www.liberliber.it/online/autori/autori-u/primo-uccellini/
Giovanni Battista Ughetti | Ughetti, Giovanni Battista  | 5531648 | 1800 | italiano |  https://www.liberliber.it/online/autori/autori-u/giovanni-battista-ughetti/
Giovanni Vailati | Vailati, Giovanni  | 409718 | 1800 | italiano |  https://www.liberliber.it/online/autori/autori-v/giovanni-vailati/
Paolo Valera | Valera, Paolo  | 375122 | 1800 | italiano |  https://www.liberliber.it/online/autori/autori-v/paolo-valera/
Luigi Valli | Valli, Luigi  | 2244414 | 1900 | italiano |  https://www.liberliber.it/online/autori/autori-v/luigi-valli/
Giuseppe Vannicola | Vannicola, Giuseppe  | 5730873 | 1800 | italiano |  https://www.liberliber.it/online/autori/autori-v/giuseppe-vannicola/
Fabrizio Venerandi | Venerandi, Fabrizio  | 1496008 | 1900 | italiano |  https://www.liberliber.it/online/autori/autori-v/fabrizio-venerandi/
Grazia Verasani | Verasani, Grazia  | 3077729 | 1900 | italiana |  https://www.liberliber.it/online/autori/autori-v/grazia-verasani/
Federigo Verdinois | Verdinois, Federigo  | 2025889 | 1800 | italiano |  https://www.liberliber.it/online/autori/autori-v/federigo-verdinois/
Anna Vertua Gentile | Vertua Gentile, Anna  | 6108101 | 1900 | italiana |  https://www.liberliber.it/online/autori/autori-v/anna-vertua-gentile/
Lorenzo Viani | Viani, Lorenzo  | 628581 | 1900 | italiano |  https://www.liberliber.it/online/autori/autori-v/lorenzo-viani/
Antonio Villa | Villa, Antonio  | 3800510 | 1800 | italiano |  https://www.liberliber.it/online/autori/autori-v/antonio-villa/
Pasquale Villari | Villari, Pasquale  | 717813 | 1800 | italiano |  https://www.liberliber.it/online/autori/autori-v/pasquale-villari/
Alfredo Violante | Violante, Alfredo  | 3868895 | 1900 | italiano |  https://www.liberliber.it/online/autori/autori-v/alfredo-violante/
Alberto Viriglio | Viriglio, Alberto  | 6571371 | 1800 | italiano |  https://www.liberliber.it/online/autori/autori-v/alberto-viriglio/
Annie Vivanti | Vivanti, Annie  | 541461 | 1800 | italiana |  https://www.liberliber.it/online/autori/autori-v/annie-vivanti/
Wu Ming 1 | Wu Ming 1  | 4485081 | 2000 | italiano |  https://www.liberliber.it/online/autori/autori-w/wu-ming-1/
Wu Ming 2 | Wu Ming 2  | 4487038 | 2000 | italiano |  https://www.liberliber.it/online/autori/autori-w/wu-ming-2/
Wu Ming 5 | Wu Ming 5  | 4625865 | 2000 | italiano |  https://www.liberliber.it/online/autori/autori-w/wu-ming-5/
Giacomo Zanella | Zanella, Giacomo  | 42282 | 1800 | italiano |  https://www.liberliber.it/online/autori/autori-z/giacomo-zanella/
